order_id,order_date,ship_date,ship_mode,customer_id,customer_name,segment,city,region,category,product,quantity,unit_price,discount,revenue,profit,payment_method,rating,returned
ORD-0001,2023-02-22,2023-03-01,Standard,CUST-0303,Linda Garcia,Consumer,San Antonio,East,Electronics,Laptop,4,961.4,0.0,3845.6,1018.26,Credit Card,,False
ORD-0002,2023-04-23,2023-04-29,Standard,CUST-0389,Joseph Harris,Home Office,Fort Worth,North,Office Supplies,Folder,4,4.48,0.2,14.34,7.22,Debit Card,5.0,False
ORD-0003,2023-02-19,2023-02-22,First Class,CUST-0023,David Taylor,Consumer,Jacksonville,East,Furniture,Desk,2,346.1,0.2,553.76,160.67,Bank Transfer,5.0,False
ORD-0004,2023-10-23,2023-10-28,Standard,CUST-0339,Linda Garcia,Home Office,Houston,East,Food & Beverage,Coffee,10,15.41,0.15,130.98,33.93,PayPal,4.6,False
ORD-0005,2023-07-09,2023-07-12,First Class,CUST-0360,Jessica White,Corporate,Charlotte,East,Electronics,Monitor,6,361.81,0.0,2170.86,1055.69,Credit Card,3.6,False
ORD-0006,2023-12-17,2023-12-23,Standard,CUST-0162,James Wilson,Corporate,San Antonio,West,Furniture,Desk,5,375.57,0.05,1783.96,700.33,PayPal,,False
ORD-0007,2023-11-26,2023-11-29,Second Class,CUST-0127,Sarah Martin,Consumer,Jacksonville,East,Office Supplies,Marker Set,8,13.71,0.2,87.74,40.59,Gift Card,3.2,False
ORD-0008,2023-09-18,2023-09-24,Standard,CUST-0079,Susan Thomas,Corporate,Austin,West,Food & Beverage,Snack Box,4,23.44,0.0,93.76,41.26,Debit Card,4.3,False
ORD-0009,2023-10-11,2023-10-16,Standard,CUST-0350,Michael Miller,Home Office,Charlotte,West,Electronics,Monitor,8,324.66,0.1,2337.55,735.04,Gift Card,4.1,False
ORD-0010,2023-01-02,2023-01-07,Second Class,CUST-0260,,Corporate,Charlotte,East,Clothing,T-Shirt,3,29.8,0.25,67.05,35.94,Credit Card,2.9,False
ORD-0011,2023-10-04,2023-10-07,First Class,CUST-0251,Charles Thompson,Consumer,New York,South,Office Supplies,Folder,6,5.16,0.0,30.96,15.44,Credit Card,3.5,False
ORD-0012,2023-02-13,2023-02-17,Second Class,CUST-0066,Sarah Martin,Consumer,Austin,North,Clothing,Jeans,10,62.26,0.0,622.6,260.22,Bank Transfer,3.8,False
ORD-0013,2023-06-09,2023-06-12,First Class,CUST-0225,Lisa Hall,Consumer,Charlotte,West,Office Supplies,Tape,9,3.55,0.05,30.35,12.18,Gift Card,4.7,False
ORD-0014,2023-10-29,2023-11-03,Standard,CUST-0118,Barbara Anderson,Home Office,Los Angeles,North,Electronics,Tablet,9,423.64,0.05,3622.12,1427.04,Credit Card,3.0,False
ORD-0015,2023-10-20,2023-10-20,Same Day,CUST-0209,,Consumer,Houston,West,Furniture,Bookshelf,9,181.51,0.0,1633.59,807.88,Credit Card,4.6,False
ORD-0016,2023-02-01,2023-02-07,Standard,CUST-0128,Michael Miller,Home Office,Houston,West,Food & Beverage,Juice,1,7.01,0.0,7.01,3.44,Debit Card,4.1,False
ORD-0017,2023-10-09,2023-10-14,Standard,CUST-0048,Jessica White,Consumer,Charlotte,West,Furniture,Bookshelf,2,154.58,0.25,231.87,104.9,Debit Card,2.8,False
ORD-0018,2023-01-02,2023-01-04,First Class,CUST-0217,William Martinez,Consumer,Jacksonville,West,Furniture,Table,3,383.42,0.2,920.21,407.63,Gift Card,3.4,False
ORD-0019,2023-06-10,2023-06-10,Same Day,CUST-0258,Joseph Harris,Consumer,Charlotte,South,Furniture,Bookshelf,10,167.24,0.0,1672.4,647.54,Gift Card,4.3,False
ORD-0020,2023-12-12,2023-12-16,Second Class,CUST-0297,,Consumer,San Jose,South,Electronics,Webcam,10,77.64,0.0,776.4,197.15,Credit Card,3.7,False
ORD-0021,2023-05-03,2023-05-04,First Class,CUST-0235,Sarah Martin,Corporate,Philadelphia,East,Office Supplies,Folder,4,5.41,0.15,18.39,9.02,Credit Card,,False
ORD-0022,2023-03-09,2023-03-10,First Class,CUST-0146,,Home Office,Chicago,North,Office Supplies,Notebook,4,8.65,0.1,31.14,16.44,Bank Transfer,4.7,False
ORD-0023,2023-12-06,2023-12-11,Standard,CUST-0055,Charles Thompson,Home Office,Jacksonville,North,Office Supplies,Tape,9,3.83,0.1,31.02,15.98,Gift Card,4.3,False
ORD-0024,2023-05-09,2023-05-09,Same Day,CUST-0142,Charles Thompson,Consumer,New York,East,Furniture,Lamp,5,56.01,0.25,210.04,111.52,Credit Card,4.8,False
ORD-0025,2023-02-27,2023-03-04,Standard,CUST-0190,Joseph Harris,Home Office,San Jose,West,Clothing,Jeans,7,55.65,0.0,389.55,176.25,Gift Card,4.7,False
ORD-0026,2023-12-08,2023-12-08,Same Day,CUST-0318,Charles Thompson,Corporate,Jacksonville,North,Clothing,Jacket,4,110.5,0.05,419.9,171.46,Debit Card,5.0,False
ORD-0027,2023-06-20,2023-06-25,Second Class,CUST-0137,Jessica White,Corporate,Chicago,South,Furniture,Table,1,309.17,0.0,309.17,103.89,Credit Card,4.3,True
ORD-0028,2023-04-27,2023-04-30,Second Class,CUST-0205,Richard Jackson,Corporate,Philadelphia,South,Food & Beverage,Tea,6,12.98,0.1,70.09,28.17,PayPal,5.0,False
ORD-0029,2023-01-15,2023-01-16,First Class,CUST-0020,Richard Jackson,Home Office,Los Angeles,West,Clothing,Jacket,9,99.68,0.15,762.55,321.6,Gift Card,4.1,False
ORD-0030,2023-05-11,2023-05-16,Standard,CUST-0267,Joseph Harris,Corporate,Charlotte,North,Clothing,Shoes,10,84.04,0.05,798.38,317.3,Gift Card,3.8,False
ORD-0031,2023-12-06,2023-12-08,First Class,CUST-0342,Michael Miller,Consumer,San Antonio,West,Furniture,Bookshelf,6,200.89,0.15,1024.54,486.87,PayPal,5.0,False
ORD-0032,2023-11-12,2023-11-19,Standard,CUST-0156,,Home Office,Phoenix,West,Furniture,Desk,7,366.54,0.0,2565.78,1351.92,Debit Card,3.6,False
ORD-0033,2023-03-28,2023-03-30,First Class,CUST-0048,Jessica White,Corporate,Columbus,West,Clothing,Shoes,4,83.39,0.25,250.17,125.49,Debit Card,4.7,False
ORD-0034,2023-11-09,2023-11-13,Second Class,CUST-0368,William Martinez,Consumer,Jacksonville,North,Furniture,Desk,4,435.35,0.25,1306.05,645.23,Bank Transfer,4.3,False
ORD-0035,2023-12-23,2023-12-27,Second Class,CUST-0063,Barbara Anderson,Corporate,San Diego,North,Electronics,Webcam,4,99.48,0.0,397.92,154.47,Debit Card,3.4,False
ORD-0036,2023-10-08,2023-10-08,Same Day,CUST-0231,William Martinez,Corporate,Phoenix,East,Office Supplies,Folder,10,4.59,0.2,36.72,15.49,Debit Card,3.7,False
ORD-0037,2023-05-27,2023-05-29,First Class,CUST-0277,William Martinez,Corporate,Los Angeles,South,Office Supplies,Paper Ream,8,16.43,0.0,131.44,38.35,Debit Card,4.0,False
ORD-0038,2023-06-19,2023-06-26,Standard,CUST-0106,,Consumer,Columbus,South,Furniture,Lamp,7,57.54,0.2,322.22,155.75,Bank Transfer,3.8,False
ORD-0039,2023-06-02,2023-06-06,Second Class,CUST-0250,William Martinez,Corporate,Houston,West,Electronics,Webcam,1,78.85,0.15,67.02,30.07,PayPal,3.9,True
ORD-0040,2023-03-07,2023-03-07,Same Day,CUST-0304,Nancy Young,Home Office,San Jose,West,Clothing,Sweater,3,69.39,0.25,156.13,52.94,Credit Card,4.3,False
ORD-0041,2023-04-19,2023-04-19,Same Day,CUST-0143,Jessica White,Corporate,Fort Worth,North,Food & Beverage,Tea,7,11.51,0.15,68.48,17.7,Bank Transfer,2.5,False
ORD-0042,2023-11-30,2023-12-03,Second Class,CUST-0011,,Corporate,San Jose,North,Electronics,Keyboard,4,73.9,0.0,295.6,159.31,Debit Card,4.0,False
ORD-0043,2023-03-27,2023-04-03,Standard,CUST-0399,Lisa Hall,Corporate,Columbus,South,Electronics,Headphones,5,153.9,0.15,654.07,261.1,Debit Card,3.8,False
ORD-0044,2023-10-31,2023-11-07,Standard,CUST-0357,Sarah Martin,Corporate,Fort Worth,West,Electronics,Tablet,4,401.17,0.0,1604.68,646.95,PayPal,4.2,False
ORD-0045,2023-12-05,2023-12-08,First Class,CUST-0007,Jessica White,Corporate,Columbus,North,Electronics,Webcam,9,101.97,0.2,734.18,350.49,Bank Transfer,4.9,False
ORD-0046,2023-04-01,2023-04-04,First Class,CUST-0316,,Home Office,Fort Worth,West,Clothing,Sweater,3,63.57,0.2,152.57,50.58,Gift Card,4.6,False
ORD-0047,2023-08-19,2023-08-19,Same Day,CUST-0173,William Martinez,Consumer,New York,East,Office Supplies,Stapler,2,17.29,0.1,31.12,11.21,Bank Transfer,4.5,False
ORD-0048,2023-10-12,2023-10-17,Standard,CUST-0124,Joseph Harris,Corporate,Jacksonville,East,Furniture,Bookshelf,5,157.0,0.1,706.5,211.53,Bank Transfer,5.0,False
ORD-0049,2023-05-31,2023-06-04,Second Class,CUST-0157,Michael Miller,Corporate,Austin,West,Food & Beverage,Olive Oil,1,20.82,0.0,20.82,10.29,Gift Card,4.1,False
ORD-0050,2023-06-06,2023-06-09,Second Class,CUST-0162,James Wilson,Corporate,Los Angeles,East,Clothing,Shoes,8,93.74,0.1,674.93,367.85,Gift Card,3.6,False
ORD-0051,2023-02-21,2023-02-22,First Class,CUST-0092,Karen Lee,Corporate,Phoenix,West,Furniture,Desk,10,400.45,0.1,3604.05,1737.34,Credit Card,3.2,False
ORD-0052,2023-02-22,2023-02-22,Same Day,CUST-0246,Patricia Davis,Home Office,San Diego,East,Electronics,Laptop,3,1056.22,0.25,2376.49,1031.35,PayPal,4.4,True
ORD-0053,2023-10-23,2023-10-28,Second Class,CUST-0077,Lisa Hall,Corporate,Fort Worth,North,Food & Beverage,Coffee,8,20.36,0.0,162.88,82.86,Gift Card,3.4,False
ORD-0054,2023-09-25,2023-09-27,First Class,CUST-0302,Charles Thompson,Home Office,San Antonio,West,Furniture,Chair,10,280.72,0.05,2666.84,764.84,PayPal,3.7,True
ORD-0055,2023-12-05,2023-12-08,Second Class,CUST-0283,Susan Thomas,Home Office,Los Angeles,South,Electronics,Webcam,4,82.54,0.1,297.14,104.59,Debit Card,,False
ORD-0056,2023-12-28,2024-01-03,Standard,CUST-0352,Nancy Young,Consumer,Houston,East,Office Supplies,Paper Ream,4,15.13,0.1,54.47,26.01,PayPal,5.0,False
ORD-0057,2023-05-17,2023-05-20,Second Class,CUST-0158,Sarah Martin,Home Office,San Jose,North,Furniture,Cabinet,4,262.5,0.0,1050.0,294.88,Gift Card,4.2,False
ORD-0058,2023-09-14,2023-09-21,Standard,CUST-0307,Mary Johnson,Home Office,New York,East,Food & Beverage,Olive Oil,7,20.94,0.1,131.92,58.74,Bank Transfer,4.6,False
ORD-0059,2023-12-11,2023-12-16,Second Class,CUST-0241,William Martinez,Home Office,Dallas,South,Electronics,Laptop,10,1066.72,0.0,10667.2,2996.06,Bank Transfer,4.2,False
ORD-0060,2023-07-29,2023-08-04,Standard,CUST-0083,William Martinez,Consumer,Philadelphia,West,Office Supplies,Paper Ream,8,15.64,0.15,106.35,55.81,Bank Transfer,4.3,False
ORD-0061,2023-05-10,2023-05-16,Standard,CUST-0337,Richard Jackson,Corporate,Columbus,North,Food & Beverage,Pasta,2,5.39,0.15,9.16,2.57,Gift Card,4.2,True
ORD-0062,2023-04-15,2023-04-16,First Class,CUST-0225,Lisa Hall,Home Office,Charlotte,West,Office Supplies,Stapler,8,15.33,0.0,122.64,61.54,Bank Transfer,3.4,False
ORD-0063,2023-10-10,2023-10-15,Standard,CUST-0116,Lisa Hall,Home Office,Columbus,South,Office Supplies,Tape,3,4.06,0.1,10.96,3.75,Credit Card,3.0,False
ORD-0064,2023-09-05,2023-09-08,Second Class,CUST-0197,Linda Garcia,Home Office,Houston,East,Furniture,Cabinet,5,318.03,0.2,1272.12,609.12,Gift Card,4.5,False
ORD-0065,2023-01-02,2023-01-02,Same Day,CUST-0077,Lisa Hall,Corporate,San Diego,West,Electronics,Tablet,9,425.48,0.1,3446.39,1123.7,Gift Card,4.8,False
ORD-0066,2023-10-20,2023-10-26,Standard,CUST-0163,Joseph Harris,Corporate,Jacksonville,West,Office Supplies,Paper Ream,4,15.71,0.05,59.7,22.66,Bank Transfer,4.3,False
ORD-0067,2023-09-15,2023-09-15,Same Day,CUST-0052,Christopher Walker,Corporate,Dallas,South,Food & Beverage,Olive Oil,1,19.32,0.0,19.32,8.49,Bank Transfer,,False
ORD-0068,2023-11-29,2023-11-29,Same Day,CUST-0163,Joseph Harris,Corporate,Austin,West,Furniture,Chair,6,284.33,0.2,1364.78,589.68,Bank Transfer,3.3,True
ORD-0069,2023-02-20,2023-02-20,Same Day,CUST-0086,Sarah Martin,Consumer,Jacksonville,East,Electronics,Smartphone,2,781.21,0.2,1249.94,450.8,PayPal,4.0,True
ORD-0070,2023-05-06,2023-05-10,Second Class,CUST-0088,Linda Garcia,Corporate,Chicago,East,Electronics,Tablet,7,459.36,0.0,3215.52,1293.43,Credit Card,5.0,False
ORD-0071,2023-08-24,2023-08-24,Same Day,CUST-0148,Charles Thompson,Consumer,Austin,South,Furniture,Cabinet,8,271.66,0.1,1955.95,651.85,Gift Card,3.1,False
ORD-0072,2023-08-22,2023-08-22,Same Day,CUST-0055,Charles Thompson,Home Office,Houston,East,Clothing,Dress,7,89.44,0.1,563.47,148.66,Bank Transfer,4.4,False
ORD-0073,2023-11-07,2023-11-11,Second Class,CUST-0311,James Wilson,Corporate,Fort Worth,West,Clothing,T-Shirt,1,32.61,0.0,32.61,14.31,PayPal,4.4,False
ORD-0074,2023-06-08,2023-06-11,First Class,CUST-0375,William Martinez,Home Office,Chicago,South,Clothing,Sweater,2,78.6,0.0,157.2,46.23,Credit Card,3.9,False
ORD-0075,2023-09-29,2023-09-30,First Class,CUST-0247,Joseph Harris,Consumer,Fort Worth,South,Food & Beverage,Tea,9,11.26,0.15,86.14,37.43,PayPal,3.6,False
ORD-0076,2023-10-13,2023-10-19,Standard,CUST-0136,Daniel Allen,Consumer,Dallas,North,Electronics,Monitor,4,296.38,0.2,948.42,363.21,Credit Card,4.7,False
ORD-0077,2023-12-12,2023-12-13,First Class,CUST-0313,Linda Garcia,Home Office,Houston,West,Clothing,Dress,6,89.34,0.0,536.04,182.89,Credit Card,3.3,False
ORD-0078,2023-01-20,2023-01-26,Standard,CUST-0121,David Taylor,Consumer,Charlotte,West,Clothing,Sweater,3,71.38,0.0,214.14,54.17,Gift Card,4.1,False
ORD-0079,2023-11-12,2023-11-13,First Class,CUST-0112,Daniel Allen,Corporate,San Diego,South,Office Supplies,Paper Ream,2,13.38,0.25,20.07,7.92,Bank Transfer,4.3,False
ORD-0080,2023-07-23,2023-07-23,Same Day,CUST-0047,,Home Office,Austin,East,Electronics,Keyboard,6,83.67,0.0,502.02,170.31,Debit Card,4.4,False
ORD-0081,2023-02-05,2023-02-08,Second Class,CUST-0120,Joseph Harris,Consumer,Philadelphia,East,Electronics,Laptop,3,956.89,0.05,2727.14,1259.73,Debit Card,4.4,False
ORD-0082,2023-03-31,2023-04-05,Second Class,CUST-0008,Daniel Allen,Consumer,Philadelphia,South,Clothing,Shorts,9,43.29,0.1,350.65,96.79,Debit Card,4.4,True
ORD-0083,2023-02-02,2023-02-08,Standard,CUST-0232,William Martinez,Home Office,Dallas,South,Clothing,T-Shirt,7,29.1,0.0,203.7,81.39,Debit Card,4.5,True
ORD-0084,2023-09-03,2023-09-09,Standard,CUST-0252,Michael Miller,Home Office,Jacksonville,West,Office Supplies,Stapler,1,19.09,0.0,19.09,5.94,Bank Transfer,,False
ORD-0085,2023-07-15,2023-07-15,Same Day,CUST-0259,Sarah Martin,Consumer,San Jose,North,Office Supplies,Pen Set,5,13.4,0.15,56.95,25.55,Bank Transfer,3.4,False
ORD-0086,2023-07-31,2023-07-31,Same Day,CUST-0374,Richard Jackson,Corporate,Los Angeles,South,Office Supplies,Marker Set,8,14.33,0.05,108.91,58.73,PayPal,3.8,False
ORD-0087,2023-02-17,2023-02-20,First Class,CUST-0067,Charles Thompson,Consumer,Dallas,West,Clothing,Jeans,2,58.39,0.0,116.78,45.22,Credit Card,4.5,False
ORD-0088,2023-01-27,2023-01-29,First Class,CUST-0054,Barbara Anderson,Corporate,San Jose,North,Clothing,Sweater,6,59.28,0.2,284.54,153.31,Gift Card,2.7,False
ORD-0089,2023-02-28,2023-02-28,Same Day,CUST-0288,Michael Miller,Corporate,Fort Worth,North,Furniture,Table,9,382.78,0.15,2928.27,1294.13,Gift Card,4.1,False
ORD-0090,2023-12-26,2024-01-01,Standard,CUST-0093,Karen Lee,Consumer,Columbus,East,Electronics,Headphones,3,161.07,0.1,434.89,211.03,Debit Card,3.1,False
ORD-0091,2023-07-12,2023-07-16,Second Class,CUST-0190,Joseph Harris,Consumer,Phoenix,North,Furniture,Lamp,9,61.18,0.05,523.09,274.31,PayPal,4.0,False
ORD-0092,2023-12-12,2023-12-12,Same Day,CUST-0249,Richard Jackson,Consumer,San Jose,South,Electronics,Laptop,10,1011.18,0.0,10111.8,3627.82,Bank Transfer,3.5,False
ORD-0093,2023-12-14,2023-12-16,First Class,CUST-0024,Nancy Young,Corporate,Houston,East,Office Supplies,Notebook,2,8.54,0.1,15.37,3.95,Bank Transfer,2.4,True
ORD-0094,2023-06-17,2023-06-17,Same Day,CUST-0090,Nancy Young,Consumer,Chicago,South,Furniture,Bookshelf,5,194.85,0.1,876.83,411.01,Bank Transfer,4.1,False
ORD-0095,2023-08-12,2023-08-13,First Class,CUST-0295,Christopher Walker,Consumer,San Antonio,East,Office Supplies,Tape,7,3.93,0.0,27.51,14.48,Gift Card,4.4,False
ORD-0096,2023-11-13,2023-11-19,Standard,CUST-0224,Mary Johnson,Consumer,Columbus,West,Clothing,T-Shirt,6,28.21,0.0,169.26,84.29,Credit Card,4.7,False
ORD-0097,2023-06-20,2023-06-25,Standard,CUST-0272,Patricia Davis,Corporate,Dallas,West,Office Supplies,Notebook,6,7.18,0.05,40.93,19.44,Debit Card,5.0,False
ORD-0098,2023-03-30,2023-04-06,Standard,CUST-0091,Robert Brown,Consumer,Fort Worth,North,Furniture,Desk,5,418.18,0.05,1986.36,925.68,Bank Transfer,4.3,False
ORD-0099,2023-08-14,2023-08-16,First Class,CUST-0141,Robert Brown,Home Office,San Jose,East,Office Supplies,Paper Ream,6,17.05,0.0,102.3,33.62,Credit Card,5.0,False
ORD-0100,2023-02-09,2023-02-09,Same Day,CUST-0237,James Wilson,Consumer,San Jose,North,Food & Beverage,Juice,6,7.81,0.1,42.17,20.06,Gift Card,4.8,False
ORD-0101,2023-09-14,2023-09-19,Standard,CUST-0176,James Wilson,Corporate,Jacksonville,South,Electronics,Monitor,10,314.78,0.25,2360.85,761.72,Credit Card,4.4,False
ORD-0102,2023-07-06,2023-07-06,Same Day,CUST-0397,Mary Johnson,Corporate,Philadelphia,West,Furniture,Lamp,9,58.54,0.0,526.86,274.31,Gift Card,,False
ORD-0103,2023-05-26,2023-05-31,Second Class,CUST-0171,Richard Jackson,Consumer,Los Angeles,East,Clothing,T-Shirt,9,28.93,0.2,208.3,84.98,Gift Card,3.8,False
ORD-0104,2023-06-08,2023-06-11,First Class,CUST-0066,Sarah Martin,Consumer,Austin,West,Clothing,Sweater,10,66.9,0.0,669.0,244.35,Gift Card,3.0,False
ORD-0105,2023-04-20,2023-04-24,Second Class,CUST-0071,Robert Brown,Corporate,Chicago,North,Office Supplies,Stapler,5,18.73,0.0,93.65,50.23,Credit Card,5.0,False
ORD-0106,2023-11-02,2023-11-05,Second Class,CUST-0355,Richard Jackson,Home Office,Fort Worth,North,Office Supplies,Tape,6,4.0,0.0,24.0,7.03,Gift Card,2.9,False
ORD-0107,2023-11-09,2023-11-14,Second Class,CUST-0274,,Corporate,Houston,West,Food & Beverage,Coffee,4,18.86,0.25,56.58,28.35,PayPal,4.2,False
ORD-0108,2023-09-15,2023-09-19,Second Class,CUST-0310,William Martinez,Corporate,Chicago,West,Furniture,Bookshelf,5,153.57,0.2,614.28,229.9,PayPal,,False
ORD-0109,2023-05-26,2023-05-26,Same Day,CUST-0263,,Home Office,Chicago,North,Clothing,Dress,9,89.43,0.0,804.87,303.72,Bank Transfer,5.0,False
ORD-0110,2023-09-15,2023-09-21,Standard,CUST-0192,William Martinez,Corporate,Houston,North,Food & Beverage,Protein Bar,1,34.56,0.2,27.65,10.68,Credit Card,3.0,False
ORD-0111,2023-08-30,2023-08-30,Same Day,CUST-0230,Susan Thomas,Consumer,San Jose,South,Clothing,Shorts,1,44.17,0.1,39.75,17.26,Credit Card,4.2,True
ORD-0112,2023-02-26,2023-03-04,Standard,CUST-0025,Robert Brown,Home Office,Houston,South,Furniture,Table,10,304.1,0.2,2432.8,1105.24,Bank Transfer,3.5,False
ORD-0113,2023-11-20,2023-11-25,Second Class,CUST-0150,,Home Office,San Antonio,West,Electronics,Laptop,9,1102.36,0.0,9921.24,5387.42,Credit Card,3.5,False
ORD-0114,2023-09-27,2023-10-04,Standard,CUST-0200,Nancy Young,Home Office,Columbus,North,Food & Beverage,Tea,6,10.63,0.0,63.78,21.75,Bank Transfer,,False
ORD-0115,2023-05-04,2023-05-11,Standard,CUST-0396,Richard Jackson,Corporate,San Jose,North,Clothing,Jacket,2,102.83,0.15,174.81,50.13,PayPal,4.7,False
ORD-0116,2023-11-20,2023-11-20,Same Day,CUST-0019,Daniel Allen,Home Office,Phoenix,South,Clothing,Shorts,8,36.45,0.25,218.7,108.64,Debit Card,,False
ORD-0117,2023-05-10,2023-05-11,First Class,CUST-0183,Charles Thompson,Home Office,Columbus,East,Electronics,Tablet,7,482.76,0.25,2534.49,780.5,Credit Card,4.0,False
ORD-0118,2023-07-17,2023-07-17,Same Day,CUST-0189,Karen Lee,Corporate,Charlotte,East,Electronics,Webcam,7,85.58,0.25,449.29,142.46,Gift Card,4.1,False
ORD-0119,2023-06-14,2023-06-16,First Class,CUST-0157,Michael Miller,Home Office,San Diego,West,Food & Beverage,Coffee,3,17.14,0.1,46.28,12.53,Gift Card,3.8,False
ORD-0120,2023-05-21,2023-05-21,Same Day,CUST-0187,Richard Jackson,Consumer,Dallas,West,Food & Beverage,Protein Bar,6,37.63,0.2,180.62,58.46,Debit Card,4.9,False
ORD-0121,2023-05-01,2023-05-01,Same Day,CUST-0291,Linda Garcia,Consumer,New York,West,Office Supplies,Marker Set,3,12.33,0.0,36.99,10.33,Gift Card,5.0,False
ORD-0122,2023-09-29,2023-10-01,First Class,CUST-0128,Michael Miller,Consumer,Los Angeles,West,Clothing,Jacket,10,93.66,0.0,936.6,263.51,Credit Card,4.0,False
ORD-0123,2023-04-20,2023-04-20,Same Day,CUST-0103,Susan Thomas,Corporate,Los Angeles,North,Food & Beverage,Snack Box,5,24.17,0.25,90.64,49.56,Debit Card,4.3,False
ORD-0124,2023-10-09,2023-10-13,Second Class,CUST-0365,Susan Thomas,Home Office,Jacksonville,East,Food & Beverage,Coffee,6,20.43,0.0,122.58,46.33,Debit Card,3.9,False
ORD-0125,2023-07-04,2023-07-04,Same Day,CUST-0283,,Consumer,Chicago,South,Electronics,Smartphone,8,726.65,0.0,5813.2,2415.19,Gift Card,3.2,True
ORD-0126,2023-10-22,2023-10-27,Standard,CUST-0231,William Martinez,Home Office,San Diego,West,Food & Beverage,Olive Oil,7,23.14,0.2,129.58,42.02,Gift Card,3.0,False
ORD-0127,2023-03-05,2023-03-08,Second Class,CUST-0083,William Martinez,Consumer,Philadelphia,South,Office Supplies,Marker Set,7,15.22,0.0,106.54,33.36,Debit Card,4.0,False
ORD-0128,2023-03-06,2023-03-13,Standard,CUST-0258,Joseph Harris,Corporate,Austin,North,Clothing,Shorts,4,33.82,0.1,121.75,46.89,Debit Card,3.3,False
ORD-0129,2023-02-11,2023-02-14,First Class,CUST-0334,Patricia Davis,Home Office,Houston,East,Furniture,Lamp,1,57.97,0.0,57.97,16.45,Gift Card,3.3,False
ORD-0130,2023-05-06,2023-05-06,Same Day,CUST-0038,Lisa Hall,Home Office,Jacksonville,East,Food & Beverage,Olive Oil,5,19.64,0.25,73.65,23.68,Credit Card,3.7,False
ORD-0131,2023-06-13,2023-06-17,Second Class,CUST-0390,Linda Garcia,Home Office,Philadelphia,East,Food & Beverage,Tea,3,12.43,0.15,31.7,16.47,Gift Card,4.2,False
ORD-0132,2023-02-19,2023-02-19,Same Day,CUST-0128,Michael Miller,Corporate,Columbus,East,Food & Beverage,Coffee,4,15.69,0.0,62.76,19.04,Debit Card,3.6,False
ORD-0133,2023-09-13,2023-09-19,Standard,CUST-0202,Michael Miller,Corporate,Dallas,South,Clothing,Jeans,9,62.65,0.25,422.89,222.27,Bank Transfer,2.8,False
ORD-0134,2023-05-27,2023-05-27,Same Day,CUST-0069,,Corporate,Charlotte,North,Clothing,T-Shirt,8,31.72,0.25,190.32,50.59,PayPal,2.9,False
ORD-0135,2023-07-05,2023-07-05,Same Day,CUST-0259,Sarah Martin,Consumer,San Diego,West,Clothing,T-Shirt,10,33.23,0.05,315.68,102.28,Gift Card,3.4,False
ORD-0136,2023-06-23,2023-06-27,Second Class,CUST-0309,Sarah Martin,Consumer,Dallas,South,Office Supplies,Notebook,7,8.67,0.15,51.59,19.73,Bank Transfer,3.8,True
ORD-0137,2023-03-18,2023-03-19,First Class,CUST-0314,,Corporate,Philadelphia,East,Furniture,Lamp,9,57.66,0.25,389.2,108.23,Debit Card,4.0,False
ORD-0138,2023-12-29,2024-01-05,Standard,CUST-0189,Karen Lee,Home Office,Philadelphia,East,Clothing,Dress,9,67.42,0.25,455.08,186.31,Credit Card,3.2,False
ORD-0139,2023-01-27,2023-01-27,Same Day,CUST-0076,Lisa Hall,Corporate,Columbus,West,Electronics,Headphones,10,129.17,0.05,1227.11,631.17,Debit Card,,False
ORD-0140,2023-03-19,2023-03-19,Same Day,CUST-0257,Nancy Young,Corporate,Fort Worth,North,Electronics,Smartphone,6,750.6,0.2,3602.88,1351.04,Gift Card,3.3,False
ORD-0141,2023-12-06,2023-12-08,First Class,CUST-0089,Sarah Martin,Home Office,San Diego,South,Electronics,Keyboard,4,89.95,0.15,305.83,133.81,Gift Card,4.6,False
ORD-0142,2023-10-13,2023-10-15,First Class,CUST-0361,Linda Garcia,Consumer,Houston,West,Clothing,Dress,4,72.45,0.1,260.82,68.08,Bank Transfer,3.7,False
ORD-0143,2023-07-22,2023-07-28,Standard,CUST-0148,Charles Thompson,Home Office,Jacksonville,North,Clothing,Jacket,9,84.51,0.2,608.47,157.62,Credit Card,4.2,False
ORD-0144,2023-10-15,2023-10-22,Standard,CUST-0316,,Consumer,Jacksonville,West,Clothing,Sweater,4,60.18,0.1,216.65,83.16,Gift Card,4.0,True
ORD-0145,2023-06-19,2023-06-23,Second Class,CUST-0003,Lisa Hall,Consumer,Dallas,South,Office Supplies,Pen Set,2,13.69,0.2,21.9,8.61,Debit Card,5.0,False
ORD-0146,2023-11-27,2023-11-30,Second Class,CUST-0274,Jessica White,Corporate,Jacksonville,South,Food & Beverage,Juice,6,7.89,0.1,42.61,15.41,Credit Card,4.8,False
ORD-0147,2023-01-20,2023-01-25,Standard,CUST-0172,Lisa Hall,Corporate,Phoenix,West,Furniture,Chair,3,255.3,0.1,689.31,192.77,Bank Transfer,5.0,False
ORD-0148,2023-06-19,2023-06-21,First Class,CUST-0368,,Corporate,Chicago,West,Food & Beverage,Tea,4,11.2,0.0,44.8,22.11,Credit Card,3.4,False
ORD-0149,2023-08-07,2023-08-07,Same Day,CUST-0343,Karen Lee,Consumer,Los Angeles,South,Office Supplies,Marker Set,10,13.85,0.2,110.8,49.19,Debit Card,3.4,False
ORD-0150,2023-05-17,2023-05-23,Standard,CUST-0134,David Taylor,Corporate,Austin,East,Furniture,Chair,4,284.44,0.25,853.32,216.86,PayPal,4.1,True
ORD-0151,2023-12-20,2023-12-22,First Class,CUST-0315,Barbara Anderson,Consumer,Houston,East,Electronics,Monitor,7,348.56,0.1,2195.93,854.59,Debit Card,4.8,False
ORD-0152,2023-10-03,2023-10-10,Standard,CUST-0270,Patricia Davis,Corporate,San Diego,East,Food & Beverage,Olive Oil,9,23.22,0.25,156.73,78.56,Gift Card,3.5,False
ORD-0153,2023-10-21,2023-10-22,First Class,CUST-0267,Joseph Harris,Home Office,San Diego,North,Office Supplies,Notebook,9,8.99,0.05,76.86,23.31,Credit Card,2.9,False
ORD-0154,2023-09-20,2023-09-26,Standard,CUST-0287,Michael Miller,Consumer,San Diego,West,Food & Beverage,Coffee,8,20.34,0.0,162.72,47.22,PayPal,5.0,False
ORD-0155,2023-08-05,2023-08-11,Standard,CUST-0036,Charles Thompson,Home Office,Charlotte,South,Electronics,Keyboard,2,68.22,0.0,136.44,73.96,Bank Transfer,,False
ORD-0156,2023-07-13,2023-07-16,Second Class,CUST-0335,Patricia Davis,Corporate,Columbus,West,Furniture,Table,7,400.02,0.25,2100.11,1060.29,PayPal,3.6,False
ORD-0157,2023-01-12,2023-01-12,Same Day,CUST-0273,Mary Johnson,Home Office,San Antonio,South,Food & Beverage,Snack Box,4,25.71,0.0,102.84,44.81,Debit Card,3.9,False
ORD-0158,2023-05-04,2023-05-09,Standard,CUST-0229,Michael Miller,Consumer,San Jose,North,Clothing,Jeans,7,57.49,0.0,402.43,188.33,Credit Card,5.0,True
ORD-0159,2023-04-30,2023-05-02,First Class,CUST-0122,Joseph Harris,Consumer,Phoenix,South,Food & Beverage,Tea,3,10.4,0.1,28.08,8.16,Debit Card,4.0,False
ORD-0160,2023-11-17,2023-11-17,Same Day,CUST-0025,Robert Brown,Consumer,Philadelphia,East,Food & Beverage,Protein Bar,9,37.82,0.0,340.38,90.74,Bank Transfer,4.0,False
ORD-0161,2023-10-03,2023-10-04,First Class,CUST-0363,Karen Lee,Corporate,Chicago,South,Food & Beverage,Juice,7,8.84,0.0,61.88,29.44,Bank Transfer,3.1,False
ORD-0162,2023-04-15,2023-04-15,Same Day,CUST-0190,Joseph Harris,Corporate,Los Angeles,South,Food & Beverage,Snack Box,4,28.41,0.1,102.28,37.65,Gift Card,3.9,False
ORD-0163,2023-09-03,2023-09-08,Standard,CUST-0109,Joseph Harris,Consumer,Charlotte,North,Clothing,Shoes,4,81.75,0.05,310.65,108.26,Debit Card,2.8,False
ORD-0164,2023-05-25,2023-05-28,First Class,CUST-0158,Sarah Martin,Corporate,Phoenix,South,Food & Beverage,Tea,4,10.61,0.15,36.07,12.57,PayPal,5.0,False
ORD-0165,2023-06-10,2023-06-13,Second Class,CUST-0380,Karen Lee,Corporate,Chicago,West,Electronics,Webcam,4,89.54,0.15,304.44,96.9,Credit Card,4.9,False
ORD-0166,2023-06-18,2023-06-22,Second Class,CUST-0256,Linda Garcia,Corporate,Dallas,West,Office Supplies,Marker Set,3,14.22,0.05,40.53,15.47,PayPal,4.1,False
ORD-0167,2023-03-13,2023-03-18,Second Class,CUST-0278,James Wilson,Home Office,Austin,South,Food & Beverage,Juice,6,8.9,0.0,53.4,22.91,Credit Card,4.5,False
ORD-0168,2023-11-19,2023-11-22,Second Class,CUST-0005,Daniel Allen,Consumer,Houston,North,Electronics,Webcam,7,94.45,0.0,661.15,321.39,Gift Card,5.0,True
ORD-0169,2023-01-07,2023-01-10,First Class,CUST-0275,Jessica White,Consumer,Phoenix,West,Office Supplies,Paper Ream,1,13.36,0.2,10.69,5.83,Credit Card,4.8,False
ORD-0170,2023-05-04,2023-05-07,First Class,CUST-0182,Charles Thompson,Consumer,Phoenix,South,Food & Beverage,Pasta,2,5.81,0.0,11.62,4.87,Bank Transfer,,False
ORD-0171,2023-12-17,2023-12-22,Standard,CUST-0048,Jessica White,Home Office,San Antonio,South,Food & Beverage,Snack Box,4,28.03,0.1,100.91,44.96,Bank Transfer,5.0,False
ORD-0172,2023-11-27,2023-12-03,Standard,CUST-0118,Barbara Anderson,Consumer,Houston,South,Electronics,Keyboard,8,76.55,0.2,489.92,178.02,Gift Card,4.1,True
ORD-0173,2023-04-02,2023-04-05,Second Class,CUST-0386,Daniel Allen,Home Office,Columbus,East,Electronics,Keyboard,10,87.59,0.0,875.9,232.24,Bank Transfer,2.6,False
ORD-0174,2023-07-16,2023-07-23,Standard,CUST-0257,,Home Office,Jacksonville,West,Office Supplies,Pen Set,9,11.85,0.15,90.65,23.21,PayPal,,False
ORD-0175,2023-08-19,2023-08-19,Same Day,CUST-0222,Daniel Allen,Corporate,Chicago,West,Electronics,Tablet,1,448.01,0.1,403.21,182.0,Gift Card,3.0,False
ORD-0176,2023-05-18,2023-05-22,Second Class,CUST-0379,Linda Garcia,Home Office,San Antonio,South,Office Supplies,Stapler,2,15.71,0.0,31.42,16.07,PayPal,4.5,False
ORD-0177,2023-02-14,2023-02-14,Same Day,CUST-0053,Charles Thompson,Corporate,New York,East,Clothing,Shoes,2,79.07,0.0,158.14,79.77,Credit Card,4.3,False
ORD-0178,2023-07-31,2023-08-03,Second Class,CUST-0293,James Wilson,Corporate,Dallas,East,Office Supplies,Tape,1,3.62,0.1,3.26,1.45,Debit Card,3.2,False
ORD-0179,2023-03-27,2023-03-29,First Class,CUST-0248,Karen Lee,Corporate,Fort Worth,East,Clothing,Jacket,3,110.78,0.0,332.34,135.53,Credit Card,3.2,False
ORD-0180,2023-06-05,2023-06-05,Same Day,CUST-0169,Daniel Allen,Corporate,San Diego,South,Food & Beverage,Snack Box,2,22.69,0.0,45.38,24.4,PayPal,4.4,False
ORD-0181,2023-09-03,2023-09-05,First Class,CUST-0150,Jessica White,Corporate,Jacksonville,East,Office Supplies,Pen Set,10,10.81,0.05,102.7,47.9,Bank Transfer,3.9,False
ORD-0182,2023-10-16,2023-10-21,Second Class,CUST-0350,Michael Miller,Corporate,Fort Worth,East,Clothing,Shoes,6,81.16,0.0,486.96,214.61,Gift Card,,False
ORD-0183,2023-12-11,2023-12-14,First Class,CUST-0124,Joseph Harris,Home Office,Phoenix,East,Furniture,Cabinet,2,299.31,0.2,478.9,164.21,Debit Card,3.4,False
ORD-0184,2023-10-06,2023-10-11,Standard,CUST-0056,Jessica White,Home Office,Fort Worth,West,Electronics,Monitor,7,365.87,0.2,2048.87,560.85,Debit Card,4.2,False
ORD-0185,2023-01-06,2023-01-10,Second Class,CUST-0229,Michael Miller,Corporate,Philadelphia,West,Office Supplies,Notebook,7,6.95,0.0,48.65,22.72,Bank Transfer,4.5,False
ORD-0186,2023-06-01,2023-06-04,Second Class,CUST-0179,Richard Jackson,Consumer,Phoenix,East,Office Supplies,Pen Set,8,10.86,0.0,86.88,42.33,PayPal,4.6,False
ORD-0187,2023-06-13,2023-06-18,Standard,CUST-0012,Robert Brown,Consumer,Columbus,West,Food & Beverage,Protein Bar,8,33.64,0.25,201.84,81.67,PayPal,2.8,False
ORD-0188,2023-06-19,2023-06-23,Second Class,CUST-0208,Jessica White,Home Office,Austin,South,Furniture,Lamp,3,58.34,0.0,175.02,57.01,Debit Card,5.0,False
ORD-0189,2023-07-19,2023-07-24,Second Class,CUST-0143,Jessica White,Corporate,Fort Worth,South,Food & Beverage,Coffee,10,15.5,0.2,124.0,58.81,Credit Card,4.5,False
ORD-0190,2023-02-28,2023-03-02,First Class,CUST-0306,Robert Brown,Corporate,San Antonio,East,Office Supplies,Pen Set,4,12.04,0.25,36.12,14.1,Gift Card,4.2,False
ORD-0191,2023-11-11,2023-11-14,Second Class,CUST-0161,Linda Garcia,Home Office,Los Angeles,West,Clothing,Shorts,3,34.4,0.1,92.88,38.62,Debit Card,2.7,False
ORD-0192,2023-10-22,2023-10-22,Same Day,CUST-0326,Michael Miller,Corporate,Dallas,West,Furniture,Sofa,10,743.69,0.0,7436.9,3248.55,Debit Card,4.2,False
ORD-0193,2023-07-03,2023-07-07,Second Class,CUST-0197,Linda Garcia,Corporate,Dallas,East,Furniture,Desk,10,341.55,0.0,3415.5,1548.51,Gift Card,3.5,False
ORD-0194,2023-10-17,2023-10-22,Standard,CUST-0141,Robert Brown,Corporate,Houston,West,Food & Beverage,Juice,3,7.09,0.0,21.27,6.02,Gift Card,3.1,False
ORD-0195,2023-10-21,2023-10-24,First Class,CUST-0278,,Home Office,Columbus,West,Office Supplies,Marker Set,9,14.39,0.0,129.51,44.85,Credit Card,4.0,False
ORD-0196,2023-01-17,2023-01-23,Standard,CUST-0225,Lisa Hall,Home Office,Columbus,North,Furniture,Cabinet,4,261.95,0.1,943.02,366.71,Credit Card,5.0,False
ORD-0197,2023-03-26,2023-03-29,Second Class,CUST-0031,Nancy Young,Home Office,San Jose,East,Office Supplies,Marker Set,10,14.36,0.2,114.88,37.49,PayPal,3.2,False
ORD-0198,2023-09-21,2023-09-21,Same Day,CUST-0031,Nancy Young,Corporate,Phoenix,East,Furniture,Bookshelf,10,167.39,0.1,1506.51,664.48,Debit Card,3.8,False
ORD-0199,2023-03-14,2023-03-14,Same Day,CUST-0193,Susan Thomas,Consumer,San Diego,East,Furniture,Lamp,7,61.58,0.25,323.3,122.46,Credit Card,2.9,False
ORD-0200,2023-09-07,2023-09-13,Standard,CUST-0375,William Martinez,Home Office,San Diego,East,Electronics,Monitor,6,289.7,0.25,1303.65,657.23,PayPal,4.5,False
ORD-0201,2023-06-15,2023-06-19,Second Class,CUST-0290,Joseph Harris,Consumer,Columbus,West,Food & Beverage,Tea,8,11.09,0.1,79.85,40.07,Bank Transfer,3.5,False
ORD-0202,2023-03-05,2023-03-10,Standard,CUST-0220,Michael Miller,Home Office,Houston,North,Electronics,Laptop,8,901.11,0.0,7208.88,2025.48,Debit Card,3.3,False
ORD-0203,2023-12-07,2023-12-07,Same Day,CUST-0321,Patricia Davis,Corporate,Phoenix,East,Clothing,T-Shirt,2,25.35,0.15,43.09,16.92,Debit Card,4.2,False
ORD-0204,2023-10-31,2023-10-31,Same Day,CUST-0005,Daniel Allen,Corporate,New York,South,Electronics,Laptop,2,882.73,0.0,1765.46,760.28,PayPal,4.0,False
ORD-0205,2023-07-16,2023-07-21,Standard,CUST-0161,Linda Garcia,Corporate,Philadelphia,South,Food & Beverage,Olive Oil,2,25.1,0.05,47.69,13.85,PayPal,3.5,False
ORD-0206,2023-11-09,2023-11-11,First Class,CUST-0370,William Martinez,Consumer,Houston,South,Furniture,Lamp,9,53.17,0.0,478.53,167.2,Debit Card,4.6,False
ORD-0207,2023-03-05,2023-03-07,First Class,CUST-0220,Michael Miller,Consumer,Philadelphia,South,Food & Beverage,Pasta,2,6.77,0.0,13.54,5.19,Debit Card,2.7,False
ORD-0208,2023-04-16,2023-04-21,Second Class,CUST-0383,Richard Jackson,Home Office,San Antonio,East,Furniture,Sofa,1,863.6,0.1,777.24,383.87,PayPal,4.4,False
ORD-0209,2023-11-23,2023-11-30,Standard,CUST-0185,Susan Thomas,Consumer,Charlotte,West,Furniture,Cabinet,4,283.18,0.25,849.54,358.82,PayPal,2.7,False
ORD-0210,2023-02-07,2023-02-12,Standard,CUST-0135,Robert Brown,Home Office,Houston,East,Office Supplies,Paper Ream,3,13.27,0.25,29.86,10.95,Credit Card,4.0,False
ORD-0211,2023-08-05,2023-08-09,Second Class,CUST-0143,Jessica White,Home Office,Los Angeles,East,Food & Beverage,Snack Box,9,23.41,0.2,168.55,63.31,PayPal,,False
ORD-0212,2023-06-08,2023-06-12,Second Class,CUST-0030,,Corporate,Houston,East,Furniture,Sofa,10,806.81,0.0,8068.1,4312.02,Credit Card,3.0,False
ORD-0213,2023-01-07,2023-01-14,Standard,CUST-0084,,Corporate,San Diego,North,Office Supplies,Folder,3,4.75,0.0,14.25,7.26,PayPal,4.8,False
ORD-0214,2023-01-16,2023-01-22,Standard,CUST-0135,Robert Brown,Consumer,Jacksonville,East,Clothing,Jeans,5,54.66,0.0,273.3,94.44,Gift Card,3.5,False
ORD-0215,2023-07-08,2023-07-13,Standard,CUST-0117,Karen Lee,Corporate,Jacksonville,North,Office Supplies,Stapler,10,19.41,0.0,194.1,72.07,Gift Card,,False
ORD-0216,2023-03-18,2023-03-18,Same Day,CUST-0115,James Wilson,Corporate,Philadelphia,North,Electronics,Smartphone,6,667.31,0.2,3203.09,868.49,Debit Card,3.4,False
ORD-0217,2023-09-15,2023-09-18,Second Class,CUST-0265,Nancy Young,Home Office,New York,North,Clothing,Shorts,6,42.87,0.0,257.22,67.0,Bank Transfer,,False
ORD-0218,2023-01-05,2023-01-07,First Class,CUST-0379,Linda Garcia,Corporate,San Jose,East,Clothing,Shorts,2,44.13,0.25,66.2,32.81,Debit Card,3.5,False
ORD-0219,2023-03-19,2023-03-23,Second Class,CUST-0278,James Wilson,Home Office,Philadelphia,South,Food & Beverage,Pasta,9,5.22,0.05,44.63,14.62,Credit Card,4.9,True
ORD-0220,2023-08-03,2023-08-04,First Class,CUST-0048,Jessica White,Consumer,New York,East,Food & Beverage,Pasta,4,5.35,0.05,20.33,6.33,Debit Card,4.2,False
ORD-0221,2023-11-23,2023-11-29,Standard,CUST-0223,Daniel Allen,Home Office,Austin,North,Clothing,Shoes,2,81.03,0.0,162.06,81.18,Debit Card,4.3,False
ORD-0222,2023-08-20,2023-08-23,Second Class,CUST-0070,Sarah Martin,Home Office,Fort Worth,West,Clothing,Shorts,6,40.93,0.15,208.74,82.05,Gift Card,3.7,False
ORD-0223,2023-04-17,2023-04-19,First Class,CUST-0062,Linda Garcia,Corporate,Los Angeles,East,Food & Beverage,Juice,2,7.66,0.15,13.02,3.73,Debit Card,5.0,False
ORD-0224,2023-12-31,2024-01-05,Standard,CUST-0347,Jessica White,Corporate,Phoenix,South,Office Supplies,Notebook,3,7.85,0.0,23.55,10.29,PayPal,3.7,False
ORD-0225,2023-02-18,2023-02-24,Standard,CUST-0007,Jessica White,Home Office,New York,West,Food & Beverage,Pasta,9,5.93,0.05,50.7,23.3,Debit Card,4.0,False
ORD-0226,2023-02-08,2023-02-08,Same Day,CUST-0066,Sarah Martin,Home Office,Los Angeles,North,Clothing,Sweater,10,63.46,0.1,571.14,159.99,PayPal,5.0,False
ORD-0227,2023-01-16,2023-01-21,Second Class,CUST-0182,Charles Thompson,Home Office,Houston,West,Electronics,Smartphone,7,674.65,0.25,3541.91,1370.49,Debit Card,4.2,False
ORD-0228,2023-07-30,2023-08-06,Standard,CUST-0144,,Home Office,San Antonio,South,Furniture,Chair,5,220.38,0.25,826.43,221.52,Debit Card,4.6,False
ORD-0229,2023-10-06,2023-10-09,First Class,CUST-0199,William Martinez,Corporate,Phoenix,North,Office Supplies,Pen Set,6,12.46,0.25,56.07,25.21,Debit Card,,False
ORD-0230,2023-10-27,2023-10-30,Second Class,CUST-0337,Richard Jackson,Consumer,Houston,East,Electronics,Webcam,8,92.21,0.15,627.03,244.52,PayPal,3.7,False
ORD-0231,2023-03-30,2023-04-02,First Class,CUST-0378,Christopher Walker,Home Office,Jacksonville,South,Electronics,Webcam,7,99.52,0.15,592.14,185.59,PayPal,3.6,True
ORD-0232,2023-10-05,2023-10-11,Standard,CUST-0047,Michael Miller,Home Office,New York,South,Clothing,Dress,4,73.04,0.25,219.12,71.61,Debit Card,3.3,True
ORD-0233,2023-06-24,2023-07-01,Standard,CUST-0012,Robert Brown,Home Office,Chicago,East,Food & Beverage,Coffee,4,15.48,0.0,61.92,23.47,Gift Card,4.4,False
ORD-0234,2023-10-28,2023-10-30,First Class,CUST-0070,,Consumer,Chicago,East,Electronics,Webcam,6,84.78,0.2,406.94,123.56,Bank Transfer,4.3,False
ORD-0235,2023-07-13,2023-07-16,First Class,CUST-0066,Sarah Martin,Consumer,Chicago,East,Clothing,Jeans,10,52.11,0.0,521.1,154.28,Credit Card,3.8,False
ORD-0236,2023-11-10,2023-11-15,Standard,CUST-0255,,Consumer,Chicago,North,Food & Beverage,Pasta,10,6.54,0.15,55.59,28.07,PayPal,3.2,False
ORD-0237,2023-01-06,2023-01-12,Standard,CUST-0180,Christopher Walker,Home Office,Phoenix,North,Clothing,Jeans,6,54.21,0.25,243.94,81.31,Credit Card,4.7,True
ORD-0238,2023-07-13,2023-07-19,Standard,CUST-0246,Patricia Davis,Consumer,Fort Worth,West,Food & Beverage,Olive Oil,7,23.28,0.25,122.22,47.32,Gift Card,5.0,False
ORD-0239,2023-06-13,2023-06-14,First Class,CUST-0088,Linda Garcia,Consumer,Charlotte,North,Furniture,Cabinet,5,276.74,0.0,1383.7,617.53,Bank Transfer,2.6,False
ORD-0240,2023-12-01,2023-12-06,Second Class,CUST-0028,James Wilson,Home Office,Los Angeles,West,Electronics,Tablet,1,443.88,0.2,355.1,94.39,PayPal,5.0,False
ORD-0241,2023-05-02,2023-05-02,Same Day,CUST-0079,Susan Thomas,Home Office,New York,East,Office Supplies,Marker Set,5,12.54,0.1,56.43,21.11,PayPal,,False
ORD-0242,2023-03-29,2023-03-29,Same Day,CUST-0060,Karen Lee,Consumer,Phoenix,South,Office Supplies,Paper Ream,1,12.83,0.05,12.19,3.52,Bank Transfer,4.1,False
ORD-0243,2023-07-09,2023-07-10,First Class,CUST-0226,,Consumer,San Diego,West,Clothing,T-Shirt,6,32.76,0.2,157.25,59.83,PayPal,4.4,False
ORD-0244,2023-10-29,2023-10-29,Same Day,CUST-0268,Linda Garcia,Consumer,San Antonio,North,Electronics,Smartphone,6,742.46,0.2,3563.81,1797.01,Gift Card,4.2,False
ORD-0245,2023-01-18,2023-01-23,Second Class,CUST-0062,Linda Garcia,Corporate,Fort Worth,West,Office Supplies,Pen Set,2,12.27,0.2,19.63,7.22,Bank Transfer,5.0,False
ORD-0246,2023-02-10,2023-02-14,Second Class,CUST-0305,Mary Johnson,Consumer,Phoenix,South,Furniture,Table,1,394.48,0.2,315.58,85.94,PayPal,3.6,False
ORD-0247,2023-05-22,2023-05-22,Same Day,CUST-0058,Barbara Anderson,Home Office,San Antonio,West,Electronics,Laptop,7,984.27,0.15,5856.41,3022.07,Debit Card,4.0,False
ORD-0248,2023-07-30,2023-07-30,Same Day,CUST-0293,James Wilson,Corporate,San Jose,North,Electronics,Laptop,9,1026.36,0.15,7851.65,3378.56,Bank Transfer,,False
ORD-0249,2023-12-20,2023-12-20,Same Day,CUST-0138,Susan Thomas,Consumer,Charlotte,West,Furniture,Sofa,7,692.28,0.15,4119.07,1851.28,PayPal,,False
ORD-0250,2023-03-10,2023-03-12,First Class,CUST-0138,Susan Thomas,Corporate,Jacksonville,East,Clothing,Jacket,2,100.11,0.05,190.21,52.13,Bank Transfer,2.7,False
ORD-0251,2023-01-29,2023-01-30,First Class,CUST-0364,David Taylor,Home Office,Dallas,West,Food & Beverage,Tea,8,11.45,0.15,77.86,34.72,Bank Transfer,3.7,False
ORD-0252,2023-05-08,2023-05-09,First Class,CUST-0361,Linda Garcia,Consumer,Houston,South,Office Supplies,Notebook,4,7.34,0.0,29.36,12.16,PayPal,5.0,False
ORD-0253,2023-07-10,2023-07-15,Second Class,CUST-0243,Charles Thompson,Home Office,San Jose,North,Food & Beverage,Olive Oil,1,19.63,0.05,18.65,9.27,Gift Card,1.8,False
ORD-0254,2023-01-26,2023-01-31,Second Class,CUST-0332,Sarah Martin,Corporate,Houston,North,Clothing,Sweater,1,77.59,0.2,62.07,27.39,Debit Card,4.0,False
ORD-0255,2023-11-04,2023-11-06,First Class,CUST-0365,Susan Thomas,Corporate,Jacksonville,North,Electronics,Webcam,3,91.15,0.0,273.45,98.53,PayPal,3.8,False
ORD-0256,2023-12-13,2023-12-20,Standard,CUST-0004,Richard Jackson,Consumer,Dallas,East,Clothing,Shoes,8,77.93,0.1,561.1,140.8,PayPal,3.1,False
ORD-0257,2023-05-22,2023-05-24,First Class,CUST-0336,Mary Johnson,Corporate,Jacksonville,North,Clothing,Jacket,2,99.07,0.15,168.42,62.55,PayPal,4.0,False
ORD-0258,2023-01-14,2023-01-16,First Class,CUST-0215,David Taylor,Home Office,San Antonio,West,Furniture,Chair,6,227.33,0.0,1363.98,382.71,Bank Transfer,4.0,False
ORD-0259,2023-12-10,2023-12-15,Second Class,CUST-0337,Richard Jackson,Corporate,Charlotte,South,Office Supplies,Tape,4,3.65,0.25,10.95,5.4,Gift Card,4.0,False
ORD-0260,2023-12-15,2023-12-20,Second Class,CUST-0182,Charles Thompson,Home Office,Houston,East,Furniture,Lamp,9,60.15,0.0,541.35,287.07,PayPal,3.6,False
ORD-0261,2023-01-28,2023-02-04,Standard,CUST-0242,Charles Thompson,Corporate,Charlotte,East,Clothing,Jacket,2,107.18,0.25,160.77,66.56,Debit Card,1.9,False
ORD-0262,2023-03-12,2023-03-12,Same Day,CUST-0074,Robert Brown,Corporate,Philadelphia,East,Food & Beverage,Snack Box,1,24.26,0.0,24.26,9.27,Debit Card,4.9,False
ORD-0263,2023-04-18,2023-04-18,Same Day,CUST-0391,Richard Jackson,Consumer,Fort Worth,North,Furniture,Bookshelf,8,160.49,0.1,1155.53,572.47,Credit Card,2.9,False
ORD-0264,2023-01-20,2023-01-23,First Class,CUST-0008,,Corporate,Charlotte,West,Food & Beverage,Juice,7,8.35,0.0,58.45,24.98,PayPal,3.4,False
ORD-0265,2023-12-22,2023-12-28,Standard,CUST-0197,Linda Garcia,Home Office,Dallas,North,Electronics,Keyboard,4,67.75,0.05,257.45,129.54,Gift Card,4.7,True
ORD-0266,2023-08-11,2023-08-11,Same Day,CUST-0184,Lisa Hall,Corporate,Fort Worth,East,Electronics,Tablet,9,385.3,0.15,2947.55,1424.87,Debit Card,5.0,False
ORD-0267,2023-01-12,2023-01-19,Standard,CUST-0188,Mary Johnson,Consumer,Jacksonville,South,Food & Beverage,Coffee,3,16.55,0.05,47.17,16.44,Credit Card,3.6,False
ORD-0268,2023-12-01,2023-12-06,Standard,CUST-0214,Michael Miller,Home Office,San Diego,North,Office Supplies,Folder,1,5.23,0.0,5.23,2.5,Bank Transfer,4.4,False
ORD-0269,2023-12-06,2023-12-10,Second Class,CUST-0215,David Taylor,Corporate,Columbus,North,Furniture,Desk,7,351.05,0.0,2457.35,1172.27,Credit Card,4.6,False
ORD-0270,2023-05-15,2023-05-15,Same Day,CUST-0152,Nancy Young,Corporate,Chicago,North,Clothing,T-Shirt,4,31.87,0.05,121.11,52.18,Credit Card,4.4,False
ORD-0271,2023-02-26,2023-03-03,Second Class,CUST-0047,Michael Miller,Consumer,Fort Worth,South,Food & Beverage,Protein Bar,1,36.76,0.0,36.76,17.96,Gift Card,,False
ORD-0272,2023-08-26,2023-08-31,Standard,CUST-0149,James Wilson,Corporate,Philadelphia,South,Clothing,Sweater,5,58.92,0.1,265.14,139.03,PayPal,3.8,False
ORD-0273,2023-07-03,2023-07-09,Standard,CUST-0191,Daniel Allen,Home Office,Columbus,South,Electronics,Laptop,3,911.45,0.15,2324.2,1259.81,PayPal,4.3,False
ORD-0274,2023-11-29,2023-12-04,Standard,CUST-0082,James Wilson,Home Office,Los Angeles,West,Food & Beverage,Protein Bar,8,34.17,0.2,218.69,61.71,Bank Transfer,3.0,False
ORD-0275,2023-07-03,2023-07-06,Second Class,CUST-0248,Karen Lee,Consumer,Charlotte,West,Office Supplies,Marker Set,10,15.33,0.2,122.64,54.88,Bank Transfer,3.4,False
ORD-0276,2023-12-27,2024-01-01,Second Class,CUST-0343,Karen Lee,Home Office,Columbus,East,Electronics,Laptop,6,1026.06,0.0,6156.36,2890.91,PayPal,2.9,False
ORD-0277,2023-06-27,2023-06-27,Same Day,CUST-0077,Lisa Hall,Home Office,Columbus,West,Office Supplies,Notebook,4,8.3,0.25,24.9,10.64,Gift Card,2.3,False
ORD-0278,2023-03-26,2023-03-30,Second Class,CUST-0170,Susan Thomas,Home Office,Phoenix,South,Electronics,Keyboard,8,74.13,0.25,444.78,118.07,Credit Card,5.0,False
ORD-0279,2023-10-21,2023-10-21,Same Day,CUST-0162,James Wilson,Consumer,Los Angeles,South,Food & Beverage,Juice,8,8.63,0.25,51.78,26.3,Bank Transfer,4.0,True
ORD-0280,2023-02-16,2023-02-19,First Class,CUST-0261,Joseph Harris,Home Office,Dallas,North,Food & Beverage,Juice,9,8.95,0.0,80.55,24.97,Debit Card,4.9,False
ORD-0281,2023-10-14,2023-10-16,First Class,CUST-0367,William Martinez,Consumer,San Diego,North,Clothing,Jacket,8,96.78,0.15,658.1,357.52,Credit Card,4.2,False
ORD-0282,2023-12-26,2023-12-26,Same Day,CUST-0072,Karen Lee,Home Office,Columbus,East,Electronics,Tablet,5,466.98,0.15,1984.66,938.02,Bank Transfer,2.6,False
ORD-0283,2023-06-23,2023-06-28,Standard,CUST-0396,Richard Jackson,Consumer,Charlotte,West,Furniture,Chair,8,222.06,0.05,1687.66,505.49,Bank Transfer,4.0,False
ORD-0284,2023-10-11,2023-10-16,Second Class,CUST-0355,Richard Jackson,Consumer,San Jose,West,Office Supplies,Pen Set,9,10.82,0.0,97.38,45.6,Debit Card,4.3,False
ORD-0285,2023-11-08,2023-11-08,Same Day,CUST-0176,James Wilson,Home Office,Phoenix,East,Food & Beverage,Olive Oil,7,18.82,0.2,105.39,29.06,Bank Transfer,4.2,False
ORD-0286,2023-12-31,2024-01-05,Second Class,CUST-0103,Susan Thomas,Home Office,Houston,East,Office Supplies,Marker Set,9,13.05,0.15,99.83,38.31,Gift Card,3.2,False
ORD-0287,2023-12-30,2023-12-30,Same Day,CUST-0299,,Home Office,San Jose,South,Furniture,Lamp,9,61.68,0.15,471.85,142.06,Bank Transfer,4.2,False
ORD-0288,2023-01-13,2023-01-19,Standard,CUST-0103,Susan Thomas,Consumer,Phoenix,West,Office Supplies,Stapler,9,18.54,0.0,166.86,58.48,Debit Card,4.8,False
ORD-0289,2023-10-05,2023-10-10,Standard,CUST-0316,Susan Thomas,Home Office,Columbus,North,Furniture,Table,5,315.01,0.05,1496.3,412.49,Gift Card,2.5,False
ORD-0290,2023-07-15,2023-07-18,First Class,CUST-0283,Susan Thomas,Home Office,New York,South,Office Supplies,Paper Ream,5,15.09,0.0,75.45,40.43,Credit Card,3.0,False
ORD-0291,2023-04-10,2023-04-16,Standard,CUST-0096,Joseph Harris,Home Office,Chicago,South,Food & Beverage,Pasta,6,5.4,0.05,30.78,10.11,Gift Card,4.1,True
ORD-0292,2023-01-03,2023-01-07,Second Class,CUST-0021,Mary Johnson,Consumer,Chicago,East,Clothing,Dress,3,72.96,0.1,196.99,85.34,PayPal,3.4,False
ORD-0293,2023-02-07,2023-02-11,Second Class,CUST-0095,David Taylor,Corporate,Dallas,East,Office Supplies,Tape,10,3.75,0.15,31.88,14.13,Credit Card,3.2,False
ORD-0294,2023-04-20,2023-04-22,First Class,CUST-0151,Joseph Harris,Consumer,Houston,West,Office Supplies,Folder,6,5.1,0.05,29.07,11.84,Gift Card,4.8,False
ORD-0295,2023-01-21,2023-01-28,Standard,CUST-0198,Richard Jackson,Corporate,Phoenix,East,Electronics,Laptop,4,1048.05,0.05,3982.59,1071.12,Gift Card,3.3,True
ORD-0296,2023-09-07,2023-09-11,Second Class,CUST-0165,Jessica White,Home Office,Dallas,East,Office Supplies,Tape,9,3.44,0.25,23.22,10.94,Credit Card,4.6,False
ORD-0297,2023-12-10,2023-12-10,Same Day,CUST-0054,Barbara Anderson,Home Office,Houston,North,Office Supplies,Folder,2,5.14,0.05,9.77,5.22,Gift Card,5.0,False
ORD-0298,2023-08-24,2023-08-31,Standard,CUST-0038,Lisa Hall,Home Office,New York,North,Food & Beverage,Olive Oil,3,20.91,0.0,62.73,19.99,Debit Card,3.9,False
ORD-0299,2023-08-19,2023-08-21,First Class,CUST-0009,Christopher Walker,Corporate,San Antonio,South,Office Supplies,Tape,7,3.53,0.2,19.77,10.43,Credit Card,4.0,False
ORD-0300,2023-09-15,2023-09-18,First Class,CUST-0311,James Wilson,Home Office,Los Angeles,North,Office Supplies,Notebook,2,8.45,0.15,14.36,6.02,PayPal,5.0,False
ORD-0301,2023-03-11,2023-03-14,First Class,CUST-0325,Sarah Martin,Corporate,Chicago,North,Food & Beverage,Pasta,3,5.54,0.05,15.79,4.8,PayPal,4.5,False
ORD-0302,2023-10-21,2023-10-28,Standard,CUST-0157,Michael Miller,Consumer,Houston,South,Clothing,T-Shirt,1,27.02,0.0,27.02,10.08,PayPal,4.8,False
ORD-0303,2023-04-10,2023-04-15,Standard,CUST-0385,Sarah Martin,Consumer,Charlotte,South,Office Supplies,Pen Set,4,11.5,0.1,41.4,21.63,Gift Card,3.9,False
ORD-0304,2023-10-25,2023-10-29,Second Class,CUST-0344,Richard Jackson,Corporate,Austin,North,Clothing,Sweater,2,62.48,0.05,118.71,45.99,Debit Card,4.5,False
ORD-0305,2023-12-22,2023-12-25,First Class,CUST-0162,James Wilson,Corporate,San Antonio,West,Furniture,Bookshelf,6,199.03,0.1,1074.76,355.03,Debit Card,,False
ORD-0306,2023-12-14,2023-12-14,Same Day,CUST-0229,Michael Miller,Corporate,Philadelphia,West,Furniture,Lamp,6,62.4,0.0,374.4,110.54,PayPal,4.9,False
ORD-0307,2023-05-15,2023-05-22,Standard,CUST-0010,Michael Miller,Consumer,Columbus,East,Office Supplies,Notebook,9,7.4,0.05,63.27,25.51,Gift Card,4.3,False
ORD-0308,2023-10-06,2023-10-10,Second Class,CUST-0188,Mary Johnson,Consumer,San Antonio,South,Office Supplies,Paper Ream,9,13.56,0.1,109.84,41.7,Debit Card,4.2,False
ORD-0309,2023-07-23,2023-07-28,Second Class,CUST-0315,Barbara Anderson,Home Office,Austin,West,Clothing,Jeans,9,66.35,0.0,597.15,322.35,Debit Card,3.1,False
ORD-0310,2023-01-21,2023-01-26,Standard,CUST-0136,Daniel Allen,Home Office,Philadelphia,South,Furniture,Desk,8,449.8,0.15,3058.64,791.22,Debit Card,,False
ORD-0311,2023-11-29,2023-12-02,First Class,CUST-0380,Karen Lee,Corporate,Phoenix,West,Clothing,Shoes,1,100.86,0.0,100.86,41.12,Gift Card,4.0,False
ORD-0312,2023-04-25,2023-04-27,First Class,CUST-0250,William Martinez,Home Office,Fort Worth,North,Food & Beverage,Protein Bar,5,33.1,0.2,132.4,39.9,Bank Transfer,4.0,True
ORD-0313,2023-04-19,2023-04-20,First Class,CUST-0309,Sarah Martin,Consumer,Jacksonville,South,Furniture,Cabinet,2,257.47,0.1,463.45,172.0,Credit Card,3.7,False
ORD-0314,2023-04-18,2023-04-18,Same Day,CUST-0012,Robert Brown,Corporate,Houston,North,Clothing,Sweater,8,60.24,0.25,361.44,123.29,Credit Card,3.8,False
ORD-0315,2023-03-27,2023-03-27,Same Day,CUST-0307,Mary Johnson,Home Office,San Jose,North,Furniture,Lamp,3,56.17,0.0,168.51,56.04,Credit Card,3.9,False
ORD-0316,2023-09-04,2023-09-07,Second Class,CUST-0299,Joseph Harris,Corporate,Columbus,South,Clothing,T-Shirt,10,29.34,0.25,220.05,68.83,Debit Card,3.6,False
ORD-0317,2023-04-28,2023-05-04,Standard,CUST-0009,Christopher Walker,Corporate,Houston,East,Furniture,Lamp,10,55.79,0.0,557.9,202.09,Gift Card,4.2,False
ORD-0318,2023-09-01,2023-09-08,Standard,CUST-0048,Jessica White,Home Office,San Diego,South,Food & Beverage,Pasta,2,5.52,0.0,11.04,5.99,Debit Card,4.7,False
ORD-0319,2023-01-23,2023-01-28,Second Class,CUST-0247,Joseph Harris,Home Office,Fort Worth,West,Electronics,Webcam,7,98.88,0.15,588.34,319.83,Bank Transfer,4.1,False
ORD-0320,2023-04-30,2023-04-30,Same Day,CUST-0132,Jessica White,Consumer,Houston,West,Office Supplies,Notebook,5,9.05,0.25,33.94,10.53,Credit Card,4.9,False
ORD-0321,2023-12-02,2023-12-02,Same Day,CUST-0186,David Taylor,Home Office,Los Angeles,North,Office Supplies,Folder,1,5.75,0.2,4.6,2.05,Debit Card,3.6,False
ORD-0322,2023-12-15,2023-12-15,Same Day,CUST-0092,Karen Lee,Home Office,Philadelphia,West,Clothing,Shorts,6,38.76,0.1,209.3,75.71,Gift Card,5.0,False
ORD-0323,2023-12-04,2023-12-04,Same Day,CUST-0359,Lisa Hall,Home Office,Chicago,East,Clothing,Dress,7,87.86,0.0,615.02,156.69,Credit Card,3.6,False
ORD-0324,2023-02-16,2023-02-16,Same Day,CUST-0046,William Martinez,Consumer,Los Angeles,North,Clothing,Shorts,7,38.08,0.0,266.56,87.63,PayPal,5.0,False
ORD-0325,2023-12-31,2023-12-31,Same Day,CUST-0225,Lisa Hall,Corporate,New York,West,Electronics,Keyboard,10,72.81,0.1,655.29,338.69,Debit Card,2.9,False
ORD-0326,2023-11-11,2023-11-12,First Class,CUST-0123,Karen Lee,Consumer,Austin,South,Office Supplies,Stapler,10,16.9,0.05,160.55,77.05,Credit Card,3.3,False
ORD-0327,2023-10-28,2023-11-02,Standard,CUST-0047,Michael Miller,Corporate,Dallas,West,Clothing,Shorts,7,33.64,0.2,188.38,102.6,PayPal,4.0,False
ORD-0328,2023-08-21,2023-08-22,First Class,CUST-0090,Nancy Young,Corporate,San Antonio,East,Office Supplies,Stapler,4,17.38,0.05,66.04,22.86,Gift Card,4.2,False
ORD-0329,2023-12-22,2023-12-22,Same Day,CUST-0395,Susan Thomas,Home Office,Houston,North,Clothing,Jacket,5,90.63,0.1,407.83,108.08,PayPal,4.8,False
ORD-0330,2023-02-04,2023-02-09,Second Class,CUST-0162,James Wilson,Corporate,San Antonio,North,Food & Beverage,Snack Box,2,28.34,0.1,51.01,20.9,PayPal,3.8,True
ORD-0331,2023-02-08,2023-02-10,First Class,CUST-0182,Charles Thompson,Consumer,Houston,East,Clothing,Jeans,7,61.01,0.15,363.01,181.47,Gift Card,4.1,False
ORD-0332,2023-04-16,2023-04-17,First Class,CUST-0080,David Taylor,Consumer,Fort Worth,South,Furniture,Cabinet,4,308.66,0.1,1111.18,440.24,Credit Card,4.4,False
ORD-0333,2023-07-10,2023-07-12,First Class,CUST-0252,Michael Miller,Home Office,Chicago,North,Food & Beverage,Snack Box,1,22.98,0.25,17.23,8.56,Gift Card,3.5,False
ORD-0334,2023-10-04,2023-10-04,Same Day,CUST-0352,Nancy Young,Home Office,Fort Worth,North,Office Supplies,Pen Set,7,13.01,0.25,68.3,30.39,Debit Card,3.6,False
ORD-0335,2023-12-12,2023-12-17,Standard,CUST-0167,Robert Brown,Home Office,Philadelphia,East,Office Supplies,Paper Ream,1,13.01,0.0,13.01,3.37,Gift Card,5.0,False
ORD-0336,2023-07-07,2023-07-11,Second Class,CUST-0215,David Taylor,Corporate,Jacksonville,East,Clothing,Jeans,10,62.47,0.15,531.0,267.53,PayPal,3.5,False
ORD-0337,2023-05-19,2023-05-19,Same Day,CUST-0101,Charles Thompson,Home Office,Chicago,South,Food & Beverage,Tea,4,13.14,0.0,52.56,25.37,Debit Card,4.2,True
ORD-0338,2023-09-07,2023-09-13,Standard,CUST-0204,Robert Brown,Home Office,Los Angeles,South,Food & Beverage,Juice,9,8.22,0.15,62.88,23.64,Debit Card,,False
ORD-0339,2023-07-04,2023-07-07,First Class,CUST-0177,Richard Jackson,Corporate,New York,North,Food & Beverage,Pasta,6,5.26,0.1,28.4,8.14,Bank Transfer,3.5,False
ORD-0340,2023-12-11,2023-12-11,Same Day,CUST-0041,Christopher Walker,Corporate,San Antonio,South,Office Supplies,Pen Set,6,13.4,0.15,68.34,17.99,Gift Card,3.7,False
ORD-0341,2023-11-20,2023-11-27,Standard,CUST-0041,Christopher Walker,Home Office,Chicago,South,Furniture,Table,6,386.91,0.2,1857.17,570.42,PayPal,4.5,False
ORD-0342,2023-08-16,2023-08-16,Same Day,CUST-0212,Patricia Davis,Home Office,Chicago,East,Clothing,Sweater,7,60.45,0.1,380.84,162.8,Debit Card,5.0,False
ORD-0343,2023-03-27,2023-04-02,Standard,CUST-0243,Charles Thompson,Home Office,Dallas,East,Furniture,Lamp,2,56.75,0.05,107.82,50.9,Credit Card,,False
ORD-0344,2023-12-02,2023-12-06,Second Class,CUST-0378,Christopher Walker,Home Office,Phoenix,East,Electronics,Laptop,3,873.44,0.0,2620.32,1268.09,Bank Transfer,5.0,False
ORD-0345,2023-09-01,2023-09-01,Same Day,CUST-0070,Sarah Martin,Home Office,Jacksonville,North,Furniture,Chair,6,262.69,0.15,1339.72,706.25,Gift Card,4.0,False
ORD-0346,2023-02-15,2023-02-15,Same Day,CUST-0134,David Taylor,Corporate,Chicago,East,Office Supplies,Paper Ream,8,14.91,0.05,113.32,42.19,PayPal,,False
ORD-0347,2023-12-19,2023-12-25,Standard,CUST-0393,James Wilson,Corporate,San Antonio,East,Furniture,Bookshelf,9,196.44,0.0,1767.96,787.9,PayPal,4.5,False
ORD-0348,2023-07-22,2023-07-22,Same Day,CUST-0194,Michael Miller,Corporate,Houston,South,Office Supplies,Stapler,9,16.74,0.2,120.53,34.52,PayPal,,False
ORD-0349,2023-07-31,2023-08-03,Second Class,CUST-0149,James Wilson,Corporate,Los Angeles,East,Office Supplies,Tape,9,4.36,0.1,35.32,12.45,Bank Transfer,4.7,False
ORD-0350,2023-01-26,2023-02-02,Standard,CUST-0145,Patricia Davis,Corporate,Phoenix,South,Office Supplies,Paper Ream,1,15.89,0.0,15.89,5.5,Debit Card,4.4,False
ORD-0351,2023-06-25,2023-06-27,First Class,CUST-0238,,Consumer,Jacksonville,South,Furniture,Chair,8,257.86,0.05,1959.74,635.32,Credit Card,3.9,False
ORD-0352,2023-04-03,2023-04-08,Standard,CUST-0063,Barbara Anderson,Corporate,Fort Worth,East,Furniture,Chair,2,236.68,0.25,355.02,116.07,Debit Card,4.1,False
ORD-0353,2023-09-24,2023-09-24,Same Day,CUST-0349,Robert Brown,Consumer,Phoenix,North,Furniture,Lamp,8,53.0,0.0,424.0,129.15,PayPal,4.0,False
ORD-0354,2023-04-12,2023-04-15,Second Class,CUST-0058,Barbara Anderson,Corporate,Houston,North,Office Supplies,Folder,8,4.26,0.1,30.67,14.23,Bank Transfer,5.0,False
ORD-0355,2023-01-22,2023-01-27,Second Class,CUST-0191,Daniel Allen,Corporate,Fort Worth,North,Clothing,Dress,4,81.77,0.0,327.08,83.62,Credit Card,2.9,False
ORD-0356,2023-12-26,2023-12-26,Same Day,CUST-0120,Joseph Harris,Consumer,Philadelphia,North,Office Supplies,Stapler,6,18.72,0.0,112.32,43.58,Gift Card,4.6,False
ORD-0357,2023-03-10,2023-03-10,Same Day,CUST-0287,Michael Miller,Consumer,Phoenix,South,Food & Beverage,Olive Oil,7,23.85,0.15,141.91,73.5,Gift Card,4.2,False
ORD-0358,2023-11-03,2023-11-06,Second Class,CUST-0231,William Martinez,Corporate,Phoenix,East,Furniture,Sofa,8,909.98,0.1,6551.86,2931.55,PayPal,5.0,False
ORD-0359,2023-11-14,2023-11-19,Standard,CUST-0338,Linda Garcia,Consumer,Dallas,South,Office Supplies,Paper Ream,10,15.6,0.15,132.6,35.85,Bank Transfer,3.6,False
ORD-0360,2023-02-26,2023-03-03,Standard,CUST-0023,David Taylor,Corporate,Columbus,East,Office Supplies,Pen Set,7,11.28,0.15,67.12,22.66,Debit Card,4.2,True
ORD-0361,2023-12-03,2023-12-06,First Class,CUST-0026,Jessica White,Consumer,Philadelphia,South,Electronics,Monitor,1,286.3,0.2,229.04,85.97,Debit Card,5.0,False
ORD-0362,2023-07-04,2023-07-06,First Class,CUST-0363,,Consumer,New York,West,Furniture,Lamp,8,50.96,0.0,407.68,117.63,Gift Card,2.8,True
ORD-0363,2023-02-21,2023-02-21,Same Day,CUST-0098,Robert Brown,Consumer,Houston,East,Electronics,Webcam,4,101.64,0.0,406.56,105.44,Gift Card,3.6,False
ORD-0364,2023-12-12,2023-12-12,Same Day,CUST-0054,Barbara Anderson,Home Office,Chicago,West,Furniture,Sofa,2,860.91,0.15,1463.55,794.16,Debit Card,4.3,False
ORD-0365,2023-07-10,2023-07-12,First Class,CUST-0312,Michael Miller,Corporate,Houston,West,Furniture,Sofa,6,684.45,0.15,3490.7,1581.0,Gift Card,5.0,False
ORD-0366,2023-07-23,2023-07-24,First Class,CUST-0306,Robert Brown,Corporate,New York,East,Office Supplies,Marker Set,8,14.77,0.25,88.62,36.89,Gift Card,3.9,False
ORD-0367,2023-12-20,2023-12-25,Second Class,CUST-0049,Daniel Allen,Consumer,New York,South,Electronics,Tablet,6,418.51,0.0,2511.06,629.93,Bank Transfer,2.8,False
ORD-0368,2023-02-17,2023-02-21,Second Class,CUST-0376,Barbara Anderson,Consumer,Los Angeles,South,Clothing,Dress,5,71.03,0.1,319.63,99.58,PayPal,2.2,False
ORD-0369,2023-10-23,2023-10-24,First Class,CUST-0179,Richard Jackson,Home Office,Charlotte,North,Office Supplies,Tape,5,4.23,0.0,21.15,10.23,Bank Transfer,4.2,False
ORD-0370,2023-06-06,2023-06-09,Second Class,CUST-0168,Robert Brown,Home Office,Dallas,North,Furniture,Lamp,7,61.73,0.0,432.11,202.24,Debit Card,3.5,False
ORD-0371,2023-07-21,2023-07-26,Standard,CUST-0244,Robert Brown,Consumer,San Jose,North,Food & Beverage,Juice,7,9.08,0.1,57.2,28.87,Credit Card,4.5,False
ORD-0372,2023-09-04,2023-09-04,Same Day,CUST-0334,Patricia Davis,Home Office,San Jose,West,Food & Beverage,Snack Box,3,24.4,0.0,73.2,26.24,Debit Card,3.9,False
ORD-0373,2023-06-15,2023-06-22,Standard,CUST-0344,Richard Jackson,Consumer,San Antonio,South,Office Supplies,Pen Set,5,11.63,0.2,46.52,21.76,Bank Transfer,4.0,False
ORD-0374,2023-11-12,2023-11-12,Same Day,CUST-0023,David Taylor,Corporate,Charlotte,North,Clothing,Dress,3,88.34,0.15,225.27,108.36,Debit Card,4.2,False
ORD-0375,2023-05-28,2023-06-02,Standard,CUST-0157,Michael Miller,Consumer,San Diego,North,Electronics,Laptop,10,913.02,0.0,9130.2,4936.33,Bank Transfer,,False
ORD-0376,2023-10-08,2023-10-13,Second Class,CUST-0356,James Wilson,Home Office,Jacksonville,South,Office Supplies,Pen Set,9,13.31,0.1,107.81,43.99,Credit Card,5.0,False
ORD-0377,2023-04-13,2023-04-20,Standard,CUST-0239,James Wilson,Consumer,Austin,East,Office Supplies,Notebook,1,9.12,0.1,8.21,4.06,Credit Card,,False
ORD-0378,2023-04-29,2023-05-05,Standard,CUST-0162,James Wilson,Consumer,San Diego,North,Clothing,Shorts,5,42.17,0.2,168.68,50.02,Gift Card,4.4,False
ORD-0379,2023-06-20,2023-06-24,Second Class,CUST-0010,,Consumer,Philadelphia,North,Office Supplies,Paper Ream,4,16.17,0.1,58.21,21.08,PayPal,4.2,False
ORD-0380,2023-01-16,2023-01-20,Second Class,CUST-0175,Richard Jackson,Home Office,Charlotte,North,Office Supplies,Stapler,5,19.6,0.2,78.4,31.79,Bank Transfer,4.6,False
ORD-0381,2023-08-07,2023-08-07,Same Day,CUST-0278,James Wilson,Corporate,Chicago,South,Food & Beverage,Snack Box,4,22.13,0.0,88.52,45.36,Debit Card,3.5,False
ORD-0382,2023-08-09,2023-08-14,Second Class,CUST-0163,Joseph Harris,Corporate,Los Angeles,South,Furniture,Table,9,317.64,0.0,2858.76,1150.71,Gift Card,5.0,False
ORD-0383,2023-07-31,2023-08-02,First Class,CUST-0078,Nancy Young,Home Office,Fort Worth,South,Furniture,Bookshelf,1,155.6,0.15,132.26,49.65,Debit Card,4.7,False
ORD-0384,2023-11-02,2023-11-07,Standard,CUST-0184,Lisa Hall,Home Office,Los Angeles,East,Office Supplies,Folder,10,4.72,0.05,44.84,18.54,Bank Transfer,3.5,False
ORD-0385,2023-08-31,2023-09-03,Second Class,CUST-0017,Robert Brown,Consumer,San Antonio,East,Food & Beverage,Olive Oil,7,18.78,0.25,98.59,52.08,Credit Card,3.6,False
ORD-0386,2023-08-13,2023-08-16,First Class,CUST-0235,Sarah Martin,Consumer,Charlotte,South,Furniture,Lamp,2,60.77,0.0,121.54,56.21,Debit Card,2.1,False
ORD-0387,2023-11-10,2023-11-17,Standard,CUST-0267,,Home Office,Los Angeles,West,Office Supplies,Marker Set,6,14.82,0.2,71.14,20.77,Bank Transfer,3.2,False
ORD-0388,2023-09-22,2023-09-23,First Class,CUST-0226,,Home Office,San Antonio,West,Furniture,Sofa,1,737.17,0.2,589.74,149.79,PayPal,4.0,False
ORD-0389,2023-08-26,2023-09-02,Standard,CUST-0093,Karen Lee,Home Office,Fort Worth,East,Furniture,Cabinet,1,266.93,0.0,266.93,106.86,Gift Card,5.0,False
ORD-0390,2023-04-02,2023-04-07,Second Class,CUST-0233,Michael Miller,Corporate,Los Angeles,West,Furniture,Cabinet,8,304.35,0.0,2434.8,1332.0,PayPal,4.7,False
ORD-0391,2023-11-21,2023-11-21,Same Day,CUST-0373,Daniel Allen,Consumer,Fort Worth,North,Furniture,Lamp,2,55.93,0.25,83.89,33.11,Gift Card,3.8,False
ORD-0392,2023-03-25,2023-03-30,Standard,CUST-0215,David Taylor,Consumer,Phoenix,North,Office Supplies,Paper Ream,6,12.9,0.0,77.4,40.75,PayPal,3.5,False
ORD-0393,2023-01-02,2023-01-02,Same Day,CUST-0255,,Consumer,Columbus,South,Clothing,Sweater,3,66.87,0.05,190.58,97.23,Bank Transfer,5.0,True
ORD-0394,2023-07-29,2023-08-04,Standard,CUST-0126,Charles Thompson,Home Office,Charlotte,South,Food & Beverage,Tea,8,13.08,0.25,78.48,38.45,Gift Card,4.5,False
ORD-0395,2023-01-19,2023-01-22,First Class,CUST-0170,Susan Thomas,Consumer,Charlotte,South,Furniture,Chair,1,224.16,0.15,190.54,98.82,Credit Card,,False
ORD-0396,2023-08-22,2023-08-29,Standard,CUST-0048,,Home Office,Fort Worth,East,Furniture,Desk,10,342.93,0.0,3429.3,922.95,PayPal,4.7,False
ORD-0397,2023-08-30,2023-09-02,First Class,CUST-0169,Daniel Allen,Home Office,Dallas,West,Electronics,Webcam,2,77.04,0.1,138.67,53.75,Bank Transfer,4.6,False
ORD-0398,2023-09-05,2023-09-08,First Class,CUST-0219,Richard Jackson,Home Office,San Jose,North,Office Supplies,Notebook,9,8.51,0.0,76.59,23.7,PayPal,4.3,False
ORD-0399,2023-09-24,2023-09-24,Same Day,CUST-0093,Karen Lee,Home Office,Charlotte,South,Office Supplies,Stapler,10,17.13,0.25,128.47,39.25,Gift Card,5.0,False
ORD-0400,2023-04-17,2023-04-24,Standard,CUST-0171,Richard Jackson,Consumer,Philadelphia,North,Furniture,Chair,8,245.44,0.0,1963.52,700.83,Gift Card,4.2,False
ORD-0401,2023-06-03,2023-06-10,Standard,CUST-0059,Patricia Davis,Corporate,Austin,East,Furniture,Lamp,2,59.47,0.1,107.05,35.38,PayPal,3.5,False
ORD-0402,2023-12-11,2023-12-15,Second Class,CUST-0247,Joseph Harris,Consumer,Chicago,South,Office Supplies,Notebook,6,8.89,0.15,45.34,21.96,Bank Transfer,3.6,False
ORD-0403,2023-10-17,2023-10-24,Standard,CUST-0107,Nancy Young,Home Office,San Jose,West,Clothing,Shoes,1,101.71,0.1,91.54,41.1,PayPal,4.4,False
ORD-0404,2023-07-12,2023-07-12,Same Day,CUST-0096,Joseph Harris,Corporate,San Jose,South,Clothing,T-Shirt,1,30.38,0.15,25.82,10.34,Credit Card,3.5,False
ORD-0405,2023-09-12,2023-09-14,First Class,CUST-0111,Patricia Davis,Corporate,Dallas,North,Clothing,Sweater,7,70.15,0.0,491.05,164.13,PayPal,4.0,False
ORD-0406,2023-09-05,2023-09-06,First Class,CUST-0248,Karen Lee,Consumer,Jacksonville,South,Electronics,Webcam,8,80.98,0.0,647.84,224.11,Gift Card,4.1,False
ORD-0407,2023-07-18,2023-07-25,Standard,CUST-0160,Mary Johnson,Consumer,Charlotte,South,Electronics,Webcam,1,77.58,0.25,58.19,31.47,Credit Card,3.8,False
ORD-0408,2023-01-12,2023-01-16,Second Class,CUST-0165,Jessica White,Consumer,Houston,West,Electronics,Tablet,2,498.61,0.1,897.5,297.83,Debit Card,2.7,False
ORD-0409,2023-05-21,2023-05-26,Standard,CUST-0106,Daniel Allen,Corporate,Dallas,North,Food & Beverage,Olive Oil,3,23.6,0.0,70.8,29.9,PayPal,3.0,False
ORD-0410,2023-11-10,2023-11-16,Standard,CUST-0067,Charles Thompson,Consumer,New York,South,Clothing,Dress,2,90.56,0.1,163.01,87.69,Bank Transfer,2.8,True
ORD-0411,2023-12-27,2023-12-27,Same Day,CUST-0316,Susan Thomas,Corporate,Philadelphia,North,Food & Beverage,Coffee,7,19.98,0.0,139.86,52.64,PayPal,5.0,False
ORD-0412,2023-12-24,2023-12-26,First Class,CUST-0351,Michael Miller,Home Office,Austin,West,Office Supplies,Notebook,3,7.97,0.0,23.91,6.89,Bank Transfer,3.6,False
ORD-0413,2023-12-25,2023-12-25,Same Day,CUST-0250,,Corporate,New York,East,Furniture,Table,7,390.95,0.0,2736.65,1158.93,Credit Card,4.5,False
ORD-0414,2023-09-18,2023-09-23,Standard,CUST-0167,,Corporate,Dallas,South,Food & Beverage,Pasta,6,6.74,0.0,40.44,19.69,Credit Card,2.7,False
ORD-0415,2023-10-08,2023-10-13,Standard,CUST-0175,Richard Jackson,Consumer,Houston,West,Food & Beverage,Snack Box,10,25.92,0.05,246.24,88.78,Gift Card,3.5,False
ORD-0416,2023-12-06,2023-12-06,Same Day,CUST-0059,Patricia Davis,Home Office,San Jose,East,Office Supplies,Tape,4,4.26,0.0,17.04,4.73,Gift Card,4.3,False
ORD-0417,2023-12-17,2023-12-17,Same Day,CUST-0331,William Martinez,Corporate,Austin,East,Food & Beverage,Tea,2,10.85,0.0,21.7,10.39,Credit Card,4.0,False
ORD-0418,2023-09-30,2023-09-30,Same Day,CUST-0101,Charles Thompson,Consumer,Houston,North,Office Supplies,Tape,3,3.7,0.25,8.33,2.41,PayPal,4.9,False
ORD-0419,2023-11-10,2023-11-11,First Class,CUST-0032,Robert Brown,Consumer,Philadelphia,East,Clothing,Shoes,10,87.54,0.0,875.4,346.27,Gift Card,4.9,True
ORD-0420,2023-05-01,2023-05-01,Same Day,CUST-0321,,Consumer,Philadelphia,East,Office Supplies,Tape,5,3.6,0.0,18.0,7.79,Bank Transfer,2.6,False
ORD-0421,2023-10-12,2023-10-16,Second Class,CUST-0148,Charles Thompson,Corporate,Columbus,South,Furniture,Lamp,3,67.31,0.05,191.83,90.65,Debit Card,3.0,False
ORD-0422,2023-02-13,2023-02-13,Same Day,CUST-0357,Sarah Martin,Home Office,San Jose,West,Electronics,Smartphone,7,756.35,0.0,5294.45,2704.08,Bank Transfer,4.9,False
ORD-0423,2023-04-06,2023-04-06,Same Day,CUST-0375,William Martinez,Corporate,Houston,West,Food & Beverage,Snack Box,6,28.52,0.05,162.56,67.28,Gift Card,4.1,False
ORD-0424,2023-12-27,2023-12-27,Same Day,CUST-0354,Linda Garcia,Consumer,Los Angeles,North,Office Supplies,Stapler,10,17.12,0.25,128.4,38.69,Debit Card,3.0,False
ORD-0425,2023-05-06,2023-05-12,Standard,CUST-0351,Michael Miller,Home Office,Austin,North,Clothing,Shoes,10,87.15,0.0,871.5,414.3,Gift Card,5.0,False
ORD-0426,2023-10-21,2023-10-23,First Class,CUST-0151,Joseph Harris,Corporate,Phoenix,North,Electronics,Tablet,8,404.15,0.25,2424.9,1211.76,Debit Card,,False
ORD-0427,2023-10-21,2023-10-26,Standard,CUST-0147,Robert Brown,Consumer,San Diego,East,Clothing,Sweater,8,59.41,0.0,475.28,156.4,Credit Card,3.7,False
ORD-0428,2023-05-12,2023-05-17,Second Class,CUST-0303,Linda Garcia,Home Office,Jacksonville,South,Clothing,Jacket,5,109.22,0.1,491.49,151.53,Debit Card,5.0,False
ORD-0429,2023-06-25,2023-06-28,Second Class,CUST-0254,Robert Brown,Corporate,Fort Worth,South,Furniture,Bookshelf,3,183.58,0.0,550.74,159.45,Bank Transfer,3.8,False
ORD-0430,2023-01-28,2023-02-04,Standard,CUST-0086,Sarah Martin,Consumer,San Diego,South,Food & Beverage,Olive Oil,10,20.48,0.15,174.08,92.76,Bank Transfer,3.8,False
ORD-0431,2023-05-15,2023-05-20,Standard,CUST-0148,Charles Thompson,Home Office,Charlotte,West,Office Supplies,Pen Set,7,12.11,0.25,63.58,17.1,Bank Transfer,4.6,False
ORD-0432,2023-08-10,2023-08-12,First Class,CUST-0139,James Wilson,Consumer,Phoenix,North,Office Supplies,Marker Set,9,13.23,0.15,101.21,40.26,Credit Card,3.9,False
ORD-0433,2023-09-24,2023-09-29,Second Class,CUST-0161,Linda Garcia,Home Office,Dallas,South,Food & Beverage,Pasta,10,5.17,0.05,49.12,24.83,Credit Card,4.7,False
ORD-0434,2023-06-29,2023-07-01,First Class,CUST-0099,Sarah Martin,Home Office,New York,North,Electronics,Monitor,2,324.53,0.25,486.79,192.44,Credit Card,4.3,True
ORD-0435,2023-02-14,2023-02-17,Second Class,CUST-0057,,Home Office,Jacksonville,South,Office Supplies,Marker Set,2,13.95,0.0,27.9,9.76,Debit Card,4.9,False
ORD-0436,2023-05-12,2023-05-17,Standard,CUST-0196,William Martinez,Corporate,San Antonio,West,Electronics,Keyboard,7,71.93,0.15,427.98,148.92,PayPal,3.2,False
ORD-0437,2023-11-09,2023-11-09,Same Day,CUST-0056,Jessica White,Consumer,Chicago,West,Clothing,Jeans,8,67.32,0.05,511.63,266.98,Gift Card,3.5,False
ORD-0438,2023-02-06,2023-02-06,Same Day,CUST-0010,Michael Miller,Consumer,Charlotte,East,Electronics,Monitor,1,365.34,0.0,365.34,181.52,Bank Transfer,5.0,False
ORD-0439,2023-07-20,2023-07-20,Same Day,CUST-0245,Mary Johnson,Corporate,San Antonio,West,Electronics,Keyboard,3,83.57,0.15,213.1,63.62,Bank Transfer,4.1,False
ORD-0440,2023-03-04,2023-03-06,First Class,CUST-0350,Michael Miller,Consumer,Phoenix,South,Electronics,Headphones,7,148.87,0.25,781.57,285.0,Bank Transfer,,False
ORD-0441,2023-11-28,2023-12-03,Standard,CUST-0197,Linda Garcia,Consumer,Austin,East,Electronics,Tablet,8,498.69,0.1,3590.57,1360.17,Debit Card,4.9,False
ORD-0442,2023-04-08,2023-04-13,Standard,CUST-0369,,Corporate,San Jose,East,Electronics,Keyboard,2,72.26,0.25,108.39,38.19,Debit Card,4.9,True
ORD-0443,2023-01-09,2023-01-10,First Class,CUST-0370,William Martinez,Corporate,New York,East,Office Supplies,Marker Set,9,13.55,0.25,91.46,32.43,Bank Transfer,4.2,False
ORD-0444,2023-02-06,2023-02-06,Same Day,CUST-0335,Patricia Davis,Home Office,New York,South,Office Supplies,Paper Ream,10,17.25,0.05,163.88,87.76,Bank Transfer,3.4,False
ORD-0445,2023-06-07,2023-06-11,Second Class,CUST-0303,Linda Garcia,Consumer,Los Angeles,South,Furniture,Lamp,3,67.45,0.0,202.35,86.59,Credit Card,4.3,False
ORD-0446,2023-12-14,2023-12-18,Second Class,CUST-0165,Jessica White,Consumer,Columbus,North,Office Supplies,Pen Set,7,12.24,0.15,72.83,23.92,Debit Card,4.3,False
ORD-0447,2023-03-28,2023-04-01,Second Class,CUST-0225,Lisa Hall,Corporate,Houston,North,Clothing,T-Shirt,3,32.29,0.2,77.5,33.23,Gift Card,,False
ORD-0448,2023-01-04,2023-01-05,First Class,CUST-0214,Michael Miller,Consumer,Jacksonville,South,Office Supplies,Paper Ream,8,16.39,0.0,131.12,42.13,Bank Transfer,3.0,False
ORD-0449,2023-11-09,2023-11-12,Second Class,CUST-0368,William Martinez,Corporate,San Diego,West,Clothing,Dress,4,86.06,0.0,344.24,144.35,Gift Card,3.9,False
ORD-0450,2023-04-09,2023-04-10,First Class,CUST-0390,Linda Garcia,Consumer,Dallas,West,Clothing,Jacket,9,100.32,0.05,857.74,470.28,Gift Card,4.1,False
ORD-0451,2023-12-17,2023-12-21,Second Class,CUST-0344,,Consumer,Charlotte,North,Furniture,Bookshelf,2,169.58,0.0,339.16,149.25,Credit Card,,False
ORD-0452,2023-01-23,2023-01-28,Second Class,CUST-0081,Joseph Harris,Corporate,Fort Worth,East,Furniture,Cabinet,10,289.0,0.25,2167.5,900.36,Credit Card,3.3,False
ORD-0453,2023-08-03,2023-08-06,First Class,CUST-0118,Barbara Anderson,Home Office,Fort Worth,West,Furniture,Lamp,10,54.35,0.15,461.97,202.35,Credit Card,5.0,False
ORD-0454,2023-08-30,2023-08-30,Same Day,CUST-0075,Richard Jackson,Corporate,Houston,South,Food & Beverage,Pasta,4,6.22,0.0,24.88,10.22,Gift Card,4.8,False
ORD-0455,2023-04-14,2023-04-20,Standard,CUST-0144,David Taylor,Home Office,Chicago,South,Furniture,Cabinet,6,288.22,0.1,1556.39,452.91,Credit Card,2.0,False
ORD-0456,2023-11-23,2023-11-26,Second Class,CUST-0045,Christopher Walker,Consumer,San Antonio,East,Furniture,Table,5,299.33,0.0,1496.65,669.94,Gift Card,5.0,False
ORD-0457,2023-05-07,2023-05-11,Second Class,CUST-0303,Linda Garcia,Corporate,Chicago,West,Office Supplies,Paper Ream,1,14.46,0.2,11.57,4.98,Gift Card,4.8,False
ORD-0458,2023-08-06,2023-08-13,Standard,CUST-0232,William Martinez,Home Office,San Diego,West,Electronics,Laptop,9,1031.34,0.0,9282.06,2975.23,Debit Card,5.0,False
ORD-0459,2023-11-28,2023-11-30,First Class,CUST-0083,William Martinez,Corporate,Jacksonville,South,Food & Beverage,Tea,5,13.13,0.05,62.37,20.87,Bank Transfer,4.6,False
ORD-0460,2023-07-09,2023-07-16,Standard,CUST-0322,William Martinez,Consumer,Los Angeles,West,Electronics,Monitor,7,303.68,0.0,2125.76,577.97,Bank Transfer,4.2,False
ORD-0461,2023-12-17,2023-12-22,Standard,CUST-0264,Karen Lee,Corporate,Charlotte,West,Electronics,Tablet,10,389.77,0.05,3702.81,998.53,PayPal,3.4,False
ORD-0462,2023-11-28,2023-12-03,Second Class,CUST-0071,Robert Brown,Corporate,Philadelphia,North,Clothing,Shoes,6,88.62,0.0,531.72,251.49,Debit Card,3.8,False
ORD-0463,2023-06-30,2023-06-30,Same Day,CUST-0142,Charles Thompson,Home Office,New York,South,Office Supplies,Tape,4,3.74,0.15,12.72,5.82,Credit Card,4.1,False
ORD-0464,2023-08-20,2023-08-27,Standard,CUST-0097,William Martinez,Corporate,Charlotte,North,Office Supplies,Folder,9,4.72,0.1,38.23,14.03,Bank Transfer,5.0,False
ORD-0465,2023-02-27,2023-03-02,Second Class,CUST-0105,Karen Lee,Consumer,Dallas,North,Furniture,Bookshelf,3,190.61,0.1,514.65,240.97,Credit Card,3.2,False
ORD-0466,2023-11-27,2023-12-02,Standard,CUST-0012,Robert Brown,Corporate,Columbus,West,Office Supplies,Pen Set,7,10.85,0.25,56.96,19.69,Debit Card,3.8,False
ORD-0467,2023-10-31,2023-10-31,Same Day,CUST-0235,Sarah Martin,Home Office,Phoenix,East,Clothing,Shoes,6,80.49,0.25,362.2,142.15,Gift Card,3.5,False
ORD-0468,2023-05-28,2023-05-30,First Class,CUST-0234,,Consumer,Chicago,East,Furniture,Table,8,356.05,0.15,2421.14,1145.27,Gift Card,4.3,False
ORD-0469,2023-05-02,2023-05-05,Second Class,CUST-0226,,Home Office,Phoenix,South,Clothing,Jeans,3,67.19,0.0,201.57,81.62,PayPal,4.2,False
ORD-0470,2023-08-18,2023-08-21,First Class,CUST-0063,Barbara Anderson,Corporate,Charlotte,East,Electronics,Keyboard,3,68.18,0.15,173.86,62.6,Credit Card,5.0,False
ORD-0471,2023-11-28,2023-11-30,First Class,CUST-0387,Linda Garcia,Consumer,San Jose,East,Furniture,Cabinet,1,339.49,0.15,288.57,106.63,Debit Card,4.0,False
ORD-0472,2023-03-13,2023-03-14,First Class,CUST-0013,Karen Lee,Home Office,San Antonio,North,Food & Beverage,Protein Bar,8,32.14,0.0,257.12,125.06,Gift Card,4.0,False
ORD-0473,2023-05-23,2023-05-23,Same Day,CUST-0347,Jessica White,Home Office,Austin,North,Electronics,Tablet,4,463.95,0.05,1763.01,752.26,Credit Card,3.0,False
ORD-0474,2023-03-17,2023-03-17,Same Day,CUST-0191,Daniel Allen,Home Office,New York,North,Food & Beverage,Protein Bar,6,37.95,0.2,182.16,85.17,PayPal,3.4,False
ORD-0475,2023-08-15,2023-08-15,Same Day,CUST-0374,Richard Jackson,Consumer,Charlotte,North,Food & Beverage,Pasta,8,6.58,0.2,42.11,17.81,Bank Transfer,3.5,False
ORD-0476,2023-02-03,2023-02-10,Standard,CUST-0210,Susan Thomas,Corporate,Austin,South,Electronics,Smartphone,8,724.97,0.15,4929.8,2043.25,PayPal,4.2,False
ORD-0477,2023-05-29,2023-05-30,First Class,CUST-0300,Daniel Allen,Consumer,Phoenix,South,Office Supplies,Tape,3,4.1,0.2,9.84,4.92,Bank Transfer,4.5,False
ORD-0478,2023-11-24,2023-11-25,First Class,CUST-0214,Michael Miller,Consumer,Chicago,North,Electronics,Webcam,5,81.44,0.1,366.48,191.04,Bank Transfer,4.3,False
ORD-0479,2023-10-25,2023-10-27,First Class,CUST-0322,William Martinez,Corporate,Austin,East,Electronics,Laptop,2,856.23,0.15,1455.59,520.24,Bank Transfer,4.8,False
ORD-0480,2023-03-16,2023-03-20,Second Class,CUST-0183,Charles Thompson,Corporate,Chicago,North,Clothing,Dress,3,72.65,0.0,217.95,94.31,Credit Card,5.0,False
ORD-0481,2023-09-21,2023-09-26,Standard,CUST-0307,Mary Johnson,Corporate,Fort Worth,East,Clothing,T-Shirt,9,29.82,0.0,268.38,107.61,Debit Card,3.4,False
ORD-0482,2023-03-15,2023-03-18,First Class,CUST-0191,Daniel Allen,Consumer,Fort Worth,East,Clothing,Jacket,9,96.87,0.15,741.06,248.05,Bank Transfer,5.0,False
ORD-0483,2023-04-07,2023-04-14,Standard,CUST-0214,Michael Miller,Consumer,San Diego,South,Furniture,Chair,9,263.37,0.05,2251.81,568.86,Credit Card,4.5,False
ORD-0484,2023-08-15,2023-08-20,Second Class,CUST-0364,David Taylor,Corporate,Phoenix,East,Electronics,Monitor,6,306.71,0.0,1840.26,968.3,Credit Card,5.0,False
ORD-0485,2023-03-06,2023-03-06,Same Day,CUST-0354,Linda Garcia,Home Office,Fort Worth,South,Furniture,Table,4,305.62,0.1,1100.23,309.98,Credit Card,,False
ORD-0486,2023-08-29,2023-09-03,Standard,CUST-0155,Mary Johnson,Consumer,Austin,South,Food & Beverage,Coffee,1,16.52,0.0,16.52,7.33,Credit Card,3.2,False
ORD-0487,2023-02-16,2023-02-18,First Class,CUST-0181,Charles Thompson,Consumer,Chicago,South,Office Supplies,Pen Set,6,10.45,0.0,62.7,24.72,Gift Card,4.2,False
ORD-0488,2023-09-28,2023-09-29,First Class,CUST-0088,Linda Garcia,Consumer,Charlotte,North,Office Supplies,Folder,10,5.57,0.0,55.7,19.76,Gift Card,,False
ORD-0489,2023-08-14,2023-08-15,First Class,CUST-0195,Linda Garcia,Corporate,San Antonio,West,Furniture,Sofa,10,806.9,0.0,8069.0,3652.84,Debit Card,5.0,False
ORD-0490,2023-09-11,2023-09-17,Standard,CUST-0043,Christopher Walker,Consumer,Philadelphia,West,Clothing,T-Shirt,9,33.3,0.0,299.7,105.33,Bank Transfer,3.0,False
ORD-0491,2023-10-11,2023-10-15,Second Class,CUST-0036,Charles Thompson,Home Office,Charlotte,East,Office Supplies,Marker Set,8,14.24,0.05,108.22,35.8,Bank Transfer,3.4,False
ORD-0492,2023-08-13,2023-08-20,Standard,CUST-0062,Linda Garcia,Home Office,Chicago,West,Electronics,Keyboard,2,80.48,0.2,128.77,33.83,Bank Transfer,4.0,False
ORD-0493,2023-06-23,2023-06-28,Standard,CUST-0120,Joseph Harris,Consumer,Columbus,South,Electronics,Keyboard,6,71.3,0.05,406.41,139.4,Bank Transfer,4.1,False
ORD-0494,2023-09-01,2023-09-01,Same Day,CUST-0262,James Wilson,Home Office,Phoenix,East,Office Supplies,Folder,7,4.4,0.15,26.18,10.86,Debit Card,2.9,False
ORD-0495,2023-02-20,2023-02-20,Same Day,CUST-0348,Robert Brown,Consumer,New York,West,Clothing,Shoes,3,95.84,0.0,287.52,128.16,Debit Card,4.9,False
ORD-0496,2023-08-27,2023-08-27,Same Day,CUST-0252,Michael Miller,Consumer,Dallas,North,Furniture,Bookshelf,9,201.94,0.25,1363.1,653.75,PayPal,4.5,False
ORD-0497,2023-07-16,2023-07-16,Same Day,CUST-0236,Linda Garcia,Consumer,New York,North,Office Supplies,Folder,7,4.85,0.0,33.95,17.12,Credit Card,5.0,False
ORD-0498,2023-06-09,2023-06-16,Standard,CUST-0292,William Martinez,Corporate,Austin,South,Clothing,Sweater,7,69.43,0.0,486.01,176.38,Bank Transfer,4.1,False
ORD-0499,2023-07-20,2023-07-20,Same Day,CUST-0316,Susan Thomas,Home Office,Austin,West,Office Supplies,Paper Ream,3,13.15,0.0,39.45,12.76,PayPal,4.1,False
ORD-0500,2023-10-26,2023-10-26,Same Day,CUST-0050,David Taylor,Consumer,San Antonio,North,Electronics,Laptop,6,1083.52,0.15,5525.95,1864.33,PayPal,3.9,False
ORD-0501,2023-10-31,2023-11-01,First Class,CUST-0059,Patricia Davis,Consumer,Philadelphia,South,Electronics,Keyboard,4,68.01,0.1,244.84,112.4,Debit Card,,False
ORD-0502,2023-05-17,2023-05-22,Standard,CUST-0163,Joseph Harris,Home Office,San Antonio,West,Food & Beverage,Olive Oil,9,19.28,0.2,138.82,37.33,Gift Card,2.9,False
ORD-0503,2023-03-27,2023-03-27,Same Day,CUST-0104,Michael Miller,Corporate,San Diego,South,Food & Beverage,Coffee,8,18.29,0.15,124.37,57.0,Credit Card,3.1,False
ORD-0504,2023-04-26,2023-05-03,Standard,CUST-0304,Nancy Young,Corporate,Philadelphia,North,Clothing,Jacket,10,101.99,0.2,815.92,322.53,PayPal,,False
ORD-0505,2023-09-16,2023-09-19,First Class,CUST-0103,Susan Thomas,Corporate,San Antonio,South,Food & Beverage,Juice,2,9.01,0.1,16.22,6.5,Bank Transfer,4.1,False
ORD-0506,2023-10-23,2023-10-23,Same Day,CUST-0138,Susan Thomas,Home Office,Charlotte,North,Office Supplies,Pen Set,9,11.57,0.0,104.13,29.84,Gift Card,3.9,False
ORD-0507,2023-08-25,2023-08-26,First Class,CUST-0223,,Home Office,San Antonio,North,Food & Beverage,Snack Box,4,27.76,0.15,94.38,29.09,PayPal,3.5,False
ORD-0508,2023-05-12,2023-05-12,Same Day,CUST-0123,Karen Lee,Corporate,Los Angeles,West,Furniture,Table,5,305.12,0.0,1525.6,654.64,Debit Card,4.8,False
ORD-0509,2023-11-28,2023-11-29,First Class,CUST-0070,Sarah Martin,Home Office,New York,West,Clothing,Shoes,7,80.28,0.2,449.57,153.53,PayPal,4.0,False
ORD-0510,2023-01-29,2023-02-01,First Class,CUST-0033,Lisa Hall,Home Office,Charlotte,North,Office Supplies,Pen Set,8,12.51,0.0,100.08,30.35,Bank Transfer,4.0,False
ORD-0511,2023-09-25,2023-09-28,First Class,CUST-0255,David Taylor,Consumer,Charlotte,South,Electronics,Monitor,2,292.73,0.0,585.46,170.6,Credit Card,4.0,False
ORD-0512,2023-04-22,2023-04-25,Second Class,CUST-0141,Robert Brown,Home Office,San Diego,West,Clothing,Jacket,4,102.16,0.2,326.91,104.79,Bank Transfer,4.7,False
ORD-0513,2023-10-07,2023-10-11,Second Class,CUST-0143,Jessica White,Home Office,Charlotte,East,Food & Beverage,Snack Box,2,22.56,0.15,38.35,15.31,Debit Card,3.1,False
ORD-0514,2023-05-10,2023-05-12,First Class,CUST-0351,Michael Miller,Home Office,Los Angeles,North,Clothing,T-Shirt,1,27.85,0.05,26.46,14.01,Gift Card,3.8,False
ORD-0515,2023-05-01,2023-05-01,Same Day,CUST-0324,Daniel Allen,Corporate,Philadelphia,West,Food & Beverage,Coffee,5,15.44,0.0,77.2,39.33,Bank Transfer,4.0,False
ORD-0516,2023-08-05,2023-08-08,First Class,CUST-0260,,Corporate,Los Angeles,West,Electronics,Webcam,7,101.44,0.15,603.57,253.65,PayPal,4.4,False
ORD-0517,2023-11-25,2023-11-25,Same Day,CUST-0329,William Martinez,Corporate,Chicago,East,Office Supplies,Marker Set,1,13.21,0.0,13.21,5.26,Credit Card,3.2,False
ORD-0518,2023-09-22,2023-09-22,Same Day,CUST-0164,Patricia Davis,Consumer,San Diego,North,Clothing,Dress,3,82.34,0.05,234.67,113.86,Bank Transfer,3.9,False
ORD-0519,2023-08-01,2023-08-01,Same Day,CUST-0293,,Corporate,Houston,East,Furniture,Lamp,4,61.12,0.0,244.48,86.78,Credit Card,3.8,False
ORD-0520,2023-05-15,2023-05-15,Same Day,CUST-0317,Robert Brown,Consumer,San Antonio,South,Office Supplies,Marker Set,8,12.14,0.05,92.26,23.21,Gift Card,5.0,False
ORD-0521,2023-08-21,2023-08-25,Second Class,CUST-0366,William Martinez,Consumer,Houston,North,Clothing,Jeans,9,51.17,0.2,368.42,125.81,Debit Card,3.5,False
ORD-0522,2023-04-16,2023-04-19,Second Class,CUST-0215,David Taylor,Corporate,Chicago,West,Clothing,Jacket,3,104.71,0.2,251.3,133.52,Bank Transfer,3.8,True
ORD-0523,2023-02-13,2023-02-14,First Class,CUST-0355,Richard Jackson,Consumer,San Antonio,West,Clothing,Jeans,6,59.17,0.25,266.26,66.83,Debit Card,4.3,False
ORD-0524,2023-01-27,2023-01-29,First Class,CUST-0311,James Wilson,Consumer,Austin,North,Office Supplies,Stapler,9,16.95,0.0,152.55,55.35,Gift Card,5.0,False
ORD-0525,2023-03-09,2023-03-12,Second Class,CUST-0134,David Taylor,Corporate,Chicago,West,Electronics,Tablet,7,452.64,0.15,2693.21,1137.01,Gift Card,2.9,False
ORD-0526,2023-03-14,2023-03-20,Standard,CUST-0066,Sarah Martin,Corporate,San Diego,North,Food & Beverage,Tea,9,11.52,0.2,82.94,35.31,PayPal,3.8,False
ORD-0527,2023-03-26,2023-03-31,Second Class,CUST-0285,Linda Garcia,Home Office,Columbus,East,Clothing,Jacket,6,108.73,0.2,521.9,172.18,Bank Transfer,,False
ORD-0528,2023-12-28,2023-12-28,Same Day,CUST-0021,Mary Johnson,Corporate,San Diego,North,Furniture,Desk,5,341.45,0.0,1707.25,805.92,PayPal,1.9,False
ORD-0529,2023-06-28,2023-07-01,Second Class,CUST-0087,Richard Jackson,Home Office,Jacksonville,North,Food & Beverage,Juice,3,8.62,0.0,25.86,13.16,Gift Card,2.8,False
ORD-0530,2023-08-02,2023-08-07,Standard,CUST-0169,Daniel Allen,Home Office,New York,North,Office Supplies,Pen Set,10,10.24,0.0,102.4,48.91,PayPal,4.1,False
ORD-0531,2023-02-11,2023-02-11,Same Day,CUST-0233,Michael Miller,Corporate,Austin,North,Food & Beverage,Protein Bar,3,40.0,0.0,120.0,37.14,PayPal,4.0,True
ORD-0532,2023-04-19,2023-04-21,First Class,CUST-0029,Barbara Anderson,Corporate,Jacksonville,West,Electronics,Keyboard,10,69.75,0.0,697.5,268.96,Credit Card,4.5,False
ORD-0533,2023-02-15,2023-02-15,Same Day,CUST-0400,,Consumer,San Antonio,East,Electronics,Monitor,4,324.5,0.2,1038.4,308.09,PayPal,4.0,False
ORD-0534,2023-12-17,2023-12-24,Standard,CUST-0189,,Corporate,Dallas,East,Furniture,Chair,7,222.86,0.1,1404.02,635.46,Debit Card,3.3,False
ORD-0535,2023-11-11,2023-11-11,Same Day,CUST-0048,Jessica White,Consumer,New York,West,Food & Beverage,Protein Bar,7,37.49,0.15,223.07,90.83,Gift Card,2.9,False
ORD-0536,2023-05-29,2023-05-29,Same Day,CUST-0154,Joseph Harris,Corporate,Chicago,South,Furniture,Lamp,9,58.28,0.0,524.52,164.96,Debit Card,2.7,False
ORD-0537,2023-10-10,2023-10-15,Standard,CUST-0262,James Wilson,Corporate,San Antonio,West,Furniture,Sofa,10,892.98,0.0,8929.8,2352.11,Bank Transfer,3.5,False
ORD-0538,2023-09-15,2023-09-15,Same Day,CUST-0092,Karen Lee,Corporate,Fort Worth,East,Office Supplies,Tape,5,4.23,0.0,21.15,8.86,Debit Card,4.8,True
ORD-0539,2023-12-10,2023-12-12,First Class,CUST-0096,Joseph Harris,Corporate,Houston,East,Food & Beverage,Olive Oil,10,20.38,0.25,152.85,45.51,Debit Card,,False
ORD-0540,2023-01-03,2023-01-06,Second Class,CUST-0336,Mary Johnson,Corporate,San Diego,North,Clothing,Shorts,9,40.86,0.0,367.74,103.51,Bank Transfer,3.5,False
ORD-0541,2023-12-20,2023-12-20,Same Day,CUST-0155,Mary Johnson,Corporate,Los Angeles,West,Office Supplies,Marker Set,10,14.57,0.15,123.84,45.3,Debit Card,4.0,False
ORD-0542,2023-11-29,2023-11-29,Same Day,CUST-0321,Patricia Davis,Consumer,Columbus,South,Electronics,Keyboard,4,70.71,0.25,212.13,69.74,Gift Card,3.4,False
ORD-0543,2023-03-27,2023-03-27,Same Day,CUST-0249,Richard Jackson,Corporate,San Diego,West,Food & Beverage,Tea,1,12.04,0.0,12.04,4.17,Credit Card,3.7,False
ORD-0544,2023-02-22,2023-02-22,Same Day,CUST-0254,Robert Brown,Consumer,Jacksonville,West,Furniture,Bookshelf,6,155.98,0.0,935.88,511.33,Gift Card,4.1,False
ORD-0545,2023-04-29,2023-05-06,Standard,CUST-0217,William Martinez,Corporate,San Jose,West,Clothing,T-Shirt,8,32.97,0.25,197.82,65.03,PayPal,2.9,False
ORD-0546,2023-08-18,2023-08-22,Second Class,CUST-0148,Charles Thompson,Corporate,Jacksonville,North,Food & Beverage,Juice,10,7.64,0.15,64.94,20.63,Debit Card,3.2,False
ORD-0547,2023-05-31,2023-05-31,Same Day,CUST-0345,Daniel Allen,Home Office,Austin,East,Office Supplies,Pen Set,8,12.58,0.0,100.64,49.76,PayPal,4.9,False
ORD-0548,2023-03-08,2023-03-08,Same Day,CUST-0052,Christopher Walker,Corporate,Fort Worth,South,Furniture,Sofa,2,742.68,0.25,1114.02,605.71,Bank Transfer,4.6,False
ORD-0549,2023-07-02,2023-07-09,Standard,CUST-0033,Lisa Hall,Consumer,Philadelphia,North,Furniture,Desk,6,348.99,0.1,1884.55,489.31,Bank Transfer,4.8,False
ORD-0550,2023-01-24,2023-01-31,Standard,CUST-0362,Susan Thomas,Corporate,New York,West,Office Supplies,Pen Set,6,12.45,0.15,63.49,27.64,Bank Transfer,3.4,False
ORD-0551,2023-03-27,2023-03-28,First Class,CUST-0081,Joseph Harris,Home Office,Jacksonville,North,Electronics,Laptop,1,910.79,0.0,910.79,467.77,PayPal,5.0,False
ORD-0552,2023-03-12,2023-03-12,Same Day,CUST-0394,Nancy Young,Consumer,Fort Worth,North,Food & Beverage,Olive Oil,6,22.95,0.15,117.04,45.75,Credit Card,4.4,False
ORD-0553,2023-08-01,2023-08-06,Second Class,CUST-0078,Nancy Young,Consumer,Fort Worth,South,Clothing,Jacket,5,85.4,0.15,362.95,94.17,Gift Card,3.5,False
ORD-0554,2023-01-16,2023-01-22,Standard,CUST-0044,Sarah Martin,Corporate,Philadelphia,West,Food & Beverage,Juice,9,9.15,0.15,70.0,25.86,PayPal,4.7,False
ORD-0555,2023-11-20,2023-11-23,First Class,CUST-0215,David Taylor,Consumer,San Antonio,West,Food & Beverage,Coffee,3,18.45,0.0,55.35,18.02,Gift Card,4.4,False
ORD-0556,2023-12-25,2023-12-29,Second Class,CUST-0279,Christopher Walker,Corporate,San Jose,North,Clothing,Jacket,9,87.95,0.0,791.55,355.03,Gift Card,4.9,False
ORD-0557,2023-10-03,2023-10-07,Second Class,CUST-0267,Joseph Harris,Corporate,Dallas,South,Food & Beverage,Pasta,2,6.77,0.0,13.54,6.53,PayPal,3.2,False
ORD-0558,2023-01-15,2023-01-20,Second Class,CUST-0397,Mary Johnson,Home Office,Phoenix,East,Clothing,Dress,3,77.56,0.0,232.68,85.19,Bank Transfer,2.4,False
ORD-0559,2023-03-05,2023-03-05,Same Day,CUST-0153,Susan Thomas,Corporate,San Jose,East,Electronics,Webcam,9,100.83,0.15,771.35,368.55,Credit Card,3.8,False
ORD-0560,2023-12-08,2023-12-13,Second Class,CUST-0366,William Martinez,Corporate,San Antonio,South,Office Supplies,Folder,5,5.58,0.1,25.11,8.95,Gift Card,3.8,False
ORD-0561,2023-03-17,2023-03-24,Standard,CUST-0048,Jessica White,Corporate,New York,South,Office Supplies,Folder,8,4.68,0.0,37.44,11.43,Bank Transfer,3.9,False
ORD-0562,2023-10-29,2023-10-31,First Class,CUST-0300,Daniel Allen,Home Office,San Diego,East,Food & Beverage,Coffee,9,19.38,0.2,139.54,57.47,Bank Transfer,4.2,False
ORD-0563,2023-09-06,2023-09-13,Standard,CUST-0356,James Wilson,Consumer,Houston,West,Food & Beverage,Olive Oil,3,24.26,0.0,72.78,24.12,Bank Transfer,4.5,False
ORD-0564,2023-03-03,2023-03-09,Standard,CUST-0268,Linda Garcia,Home Office,Chicago,North,Office Supplies,Stapler,7,16.26,0.0,113.82,43.99,Credit Card,4.9,False
ORD-0565,2023-10-29,2023-10-31,First Class,CUST-0111,Patricia Davis,Consumer,Chicago,West,Clothing,Jacket,3,113.39,0.0,340.17,91.43,Bank Transfer,,False
ORD-0566,2023-10-17,2023-10-17,Same Day,CUST-0369,,Corporate,Columbus,North,Electronics,Webcam,8,97.48,0.1,701.86,341.07,Gift Card,3.5,False
ORD-0567,2023-06-16,2023-06-16,Same Day,CUST-0199,William Martinez,Home Office,Houston,West,Food & Beverage,Pasta,8,6.01,0.0,48.08,14.32,Bank Transfer,4.2,True
ORD-0568,2023-12-29,2024-01-01,First Class,CUST-0288,Michael Miller,Home Office,Austin,East,Food & Beverage,Olive Oil,2,22.6,0.0,45.2,17.97,Credit Card,5.0,False
ORD-0569,2023-09-01,2023-09-04,Second Class,CUST-0010,Michael Miller,Home Office,Phoenix,North,Office Supplies,Folder,9,4.7,0.05,40.19,15.29,Debit Card,4.6,False
ORD-0570,2023-07-25,2023-08-01,Standard,CUST-0175,Richard Jackson,Home Office,San Antonio,North,Office Supplies,Paper Ream,10,15.61,0.15,132.69,42.68,Debit Card,4.3,False
ORD-0571,2023-10-05,2023-10-09,Second Class,CUST-0131,William Martinez,Consumer,Fort Worth,East,Clothing,Shoes,2,79.92,0.0,159.84,65.78,Credit Card,3.8,False
ORD-0572,2023-06-02,2023-06-05,Second Class,CUST-0212,Patricia Davis,Consumer,Charlotte,East,Furniture,Chair,1,271.42,0.0,271.42,132.67,PayPal,3.3,False
ORD-0573,2023-09-10,2023-09-17,Standard,CUST-0138,Susan Thomas,Consumer,New York,South,Electronics,Laptop,10,1015.51,0.05,9647.34,3184.38,PayPal,3.0,False
ORD-0574,2023-05-18,2023-05-25,Standard,CUST-0127,,Home Office,Fort Worth,West,Food & Beverage,Coffee,4,17.22,0.0,68.88,21.69,Gift Card,4.4,False
ORD-0575,2023-03-14,2023-03-19,Second Class,CUST-0276,Sarah Martin,Consumer,San Antonio,West,Office Supplies,Paper Ream,9,15.24,0.05,130.3,71.46,Gift Card,3.4,True
ORD-0576,2023-01-31,2023-02-03,First Class,CUST-0349,Robert Brown,Home Office,San Antonio,East,Food & Beverage,Pasta,3,6.82,0.0,20.46,8.99,PayPal,4.5,False
ORD-0577,2023-06-03,2023-06-08,Standard,CUST-0072,Karen Lee,Consumer,Jacksonville,North,Office Supplies,Stapler,9,17.07,0.0,153.63,77.63,Gift Card,4.6,False
ORD-0578,2023-12-29,2023-12-30,First Class,CUST-0175,Richard Jackson,Home Office,Houston,East,Furniture,Sofa,6,917.97,0.1,4957.04,2178.65,Bank Transfer,3.7,False
ORD-0579,2023-01-05,2023-01-05,Same Day,CUST-0391,Richard Jackson,Home Office,San Antonio,North,Furniture,Lamp,8,58.09,0.0,464.72,154.93,Gift Card,4.2,False
ORD-0580,2023-06-30,2023-06-30,Same Day,CUST-0091,,Home Office,Columbus,North,Electronics,Headphones,8,144.15,0.0,1153.2,491.51,Credit Card,4.7,False
ORD-0581,2023-12-15,2023-12-22,Standard,CUST-0315,Barbara Anderson,Consumer,Austin,North,Furniture,Cabinet,1,316.55,0.1,284.9,156.42,PayPal,2.8,False
ORD-0582,2023-01-04,2023-01-09,Standard,CUST-0143,Jessica White,Corporate,San Jose,North,Food & Beverage,Protein Bar,8,38.09,0.05,289.48,151.14,Gift Card,5.0,False
ORD-0583,2023-02-03,2023-02-07,Second Class,CUST-0268,Linda Garcia,Consumer,Jacksonville,South,Office Supplies,Marker Set,10,14.37,0.0,143.7,58.3,PayPal,3.5,False
ORD-0584,2023-01-02,2023-01-08,Standard,CUST-0166,David Taylor,Home Office,San Antonio,East,Office Supplies,Folder,9,5.12,0.25,34.56,13.19,Bank Transfer,4.1,False
ORD-0585,2023-01-25,2023-01-25,Same Day,CUST-0162,James Wilson,Home Office,New York,East,Food & Beverage,Juice,1,8.15,0.05,7.74,2.86,Bank Transfer,4.8,False
ORD-0586,2023-02-08,2023-02-09,First Class,CUST-0160,Mary Johnson,Home Office,Los Angeles,North,Office Supplies,Tape,4,3.72,0.2,11.9,3.6,Credit Card,,False
ORD-0587,2023-08-31,2023-09-01,First Class,CUST-0267,Joseph Harris,Corporate,Fort Worth,East,Electronics,Headphones,4,148.92,0.0,595.68,313.85,Debit Card,3.9,False
ORD-0588,2023-02-13,2023-02-15,First Class,CUST-0356,James Wilson,Home Office,Los Angeles,North,Office Supplies,Paper Ream,8,16.28,0.0,130.24,43.98,Debit Card,,False
ORD-0589,2023-10-14,2023-10-14,Same Day,CUST-0050,David Taylor,Consumer,San Jose,West,Electronics,Tablet,2,487.88,0.0,975.76,385.25,Bank Transfer,3.1,False
ORD-0590,2023-11-14,2023-11-21,Standard,CUST-0233,Michael Miller,Corporate,Dallas,West,Office Supplies,Notebook,8,7.59,0.2,48.58,20.39,PayPal,3.8,False
ORD-0591,2023-11-23,2023-11-23,Same Day,CUST-0247,Joseph Harris,Home Office,Jacksonville,North,Electronics,Headphones,4,130.61,0.0,522.44,252.77,Gift Card,5.0,False
ORD-0592,2023-09-20,2023-09-24,Second Class,CUST-0076,Lisa Hall,Corporate,San Diego,South,Electronics,Laptop,10,1148.35,0.2,9186.8,2481.04,PayPal,4.5,False
ORD-0593,2023-08-05,2023-08-08,Second Class,CUST-0036,Charles Thompson,Consumer,Philadelphia,South,Electronics,Headphones,4,155.37,0.0,621.48,263.27,Debit Card,5.0,False
ORD-0594,2023-11-12,2023-11-16,Second Class,CUST-0054,,Home Office,San Diego,East,Food & Beverage,Snack Box,10,22.14,0.15,188.19,80.36,Credit Card,4.5,False
ORD-0595,2023-05-03,2023-05-03,Same Day,CUST-0106,Daniel Allen,Corporate,San Antonio,South,Furniture,Lamp,10,65.01,0.05,617.6,268.56,Debit Card,5.0,True
ORD-0596,2023-03-14,2023-03-15,First Class,CUST-0023,David Taylor,Consumer,New York,East,Electronics,Laptop,9,904.44,0.0,8139.96,3592.4,Debit Card,5.0,False
ORD-0597,2023-04-02,2023-04-03,First Class,CUST-0052,Christopher Walker,Corporate,New York,South,Clothing,Sweater,9,65.57,0.05,560.62,303.94,Debit Card,4.1,False
ORD-0598,2023-07-09,2023-07-09,Same Day,CUST-0365,Susan Thomas,Corporate,Los Angeles,South,Electronics,Tablet,8,421.89,0.05,3206.36,858.65,Credit Card,2.6,False
ORD-0599,2023-11-03,2023-11-09,Standard,CUST-0391,,Home Office,San Jose,West,Furniture,Desk,6,370.19,0.15,1887.97,795.03,Gift Card,4.4,False
ORD-0600,2023-09-18,2023-09-25,Standard,CUST-0241,William Martinez,Consumer,Fort Worth,South,Furniture,Bookshelf,5,176.75,0.0,883.75,358.02,Gift Card,,False
ORD-0601,2023-06-14,2023-06-14,Same Day,CUST-0367,William Martinez,Home Office,San Diego,West,Office Supplies,Stapler,8,16.02,0.0,128.16,67.39,Bank Transfer,4.0,False
ORD-0602,2023-08-20,2023-08-21,First Class,CUST-0218,Jessica White,Consumer,Charlotte,North,Office Supplies,Marker Set,4,13.73,0.05,52.17,17.28,Bank Transfer,5.0,False
ORD-0603,2023-08-16,2023-08-23,Standard,CUST-0239,James Wilson,Consumer,Dallas,North,Clothing,Jacket,2,106.89,0.1,192.4,96.65,Gift Card,3.2,False
ORD-0604,2023-07-15,2023-07-18,Second Class,CUST-0136,Daniel Allen,Corporate,Austin,East,Food & Beverage,Juice,6,8.6,0.1,46.44,16.39,Credit Card,4.2,False
ORD-0605,2023-03-02,2023-03-06,Second Class,CUST-0171,Richard Jackson,Corporate,Houston,North,Office Supplies,Folder,4,5.68,0.0,22.72,12.03,PayPal,3.9,False
ORD-0606,2023-01-05,2023-01-05,Same Day,CUST-0208,Jessica White,Home Office,Columbus,South,Clothing,Jeans,9,54.78,0.1,443.72,211.17,Gift Card,3.8,True
ORD-0607,2023-04-18,2023-04-18,Same Day,CUST-0370,William Martinez,Corporate,Columbus,South,Office Supplies,Tape,4,4.49,0.05,17.06,8.11,Bank Transfer,4.7,False
ORD-0608,2023-10-13,2023-10-17,Second Class,CUST-0157,Michael Miller,Consumer,Jacksonville,West,Furniture,Cabinet,8,294.49,0.25,1766.94,560.1,Credit Card,3.4,False
ORD-0609,2023-12-20,2023-12-27,Standard,CUST-0291,Linda Garcia,Corporate,Fort Worth,South,Clothing,Jacket,7,86.09,0.2,482.1,194.64,Credit Card,2.1,False
ORD-0610,2023-02-02,2023-02-02,Same Day,CUST-0056,Jessica White,Corporate,Philadelphia,West,Clothing,Dress,4,75.38,0.2,241.22,67.55,Gift Card,4.7,False
ORD-0611,2023-01-17,2023-01-24,Standard,CUST-0096,Joseph Harris,Consumer,Houston,South,Clothing,T-Shirt,9,24.84,0.0,223.56,78.44,Credit Card,4.1,False
ORD-0612,2023-08-21,2023-08-26,Standard,CUST-0088,Linda Garcia,Home Office,Philadelphia,East,Furniture,Desk,9,451.29,0.0,4061.61,2170.21,Bank Transfer,4.4,False
ORD-0613,2023-04-16,2023-04-16,Same Day,CUST-0364,David Taylor,Corporate,Austin,West,Furniture,Sofa,2,779.53,0.2,1247.25,588.64,Bank Transfer,4.6,False
ORD-0614,2023-04-14,2023-04-19,Standard,CUST-0205,Richard Jackson,Home Office,San Jose,South,Clothing,Dress,8,71.84,0.1,517.25,196.76,Debit Card,3.0,False
ORD-0615,2023-05-28,2023-05-30,First Class,CUST-0201,Barbara Anderson,Home Office,San Jose,West,Food & Beverage,Juice,1,7.91,0.0,7.91,2.04,Debit Card,2.7,False
ORD-0616,2023-12-24,2023-12-31,Standard,CUST-0123,Karen Lee,Corporate,Charlotte,West,Office Supplies,Marker Set,7,12.38,0.0,86.66,43.73,Debit Card,4.9,False
ORD-0617,2023-07-30,2023-08-06,Standard,CUST-0387,Linda Garcia,Home Office,Los Angeles,North,Clothing,Sweater,4,63.31,0.25,189.93,90.16,Gift Card,4.2,False
ORD-0618,2023-08-25,2023-08-25,Same Day,CUST-0196,William Martinez,Consumer,Philadelphia,East,Food & Beverage,Tea,9,12.08,0.0,108.72,56.05,Bank Transfer,4.9,False
ORD-0619,2023-12-10,2023-12-10,Same Day,CUST-0035,Christopher Walker,Home Office,Los Angeles,North,Electronics,Tablet,3,497.51,0.15,1268.65,422.66,Gift Card,4.1,False
ORD-0620,2023-01-10,2023-01-11,First Class,CUST-0064,James Wilson,Corporate,Dallas,West,Food & Beverage,Tea,3,12.16,0.0,36.48,19.17,Bank Transfer,3.7,False
ORD-0621,2023-04-02,2023-04-07,Second Class,CUST-0227,David Taylor,Consumer,Jacksonville,East,Electronics,Keyboard,8,78.01,0.15,530.47,214.62,Credit Card,4.3,False
ORD-0622,2023-01-25,2023-01-26,First Class,CUST-0123,Karen Lee,Corporate,Houston,East,Electronics,Monitor,1,325.28,0.0,325.28,138.72,Credit Card,,True
ORD-0623,2023-02-19,2023-02-22,Second Class,CUST-0023,David Taylor,Home Office,San Antonio,South,Electronics,Tablet,2,469.34,0.05,891.75,344.55,Gift Card,4.0,False
ORD-0624,2023-08-08,2023-08-13,Standard,CUST-0183,Charles Thompson,Home Office,Philadelphia,South,Office Supplies,Marker Set,4,15.29,0.2,48.93,20.17,Debit Card,,False
ORD-0625,2023-12-03,2023-12-06,First Class,CUST-0023,David Taylor,Corporate,Los Angeles,South,Electronics,Monitor,4,284.78,0.0,1139.12,357.82,Debit Card,3.5,False
ORD-0626,2023-11-20,2023-11-24,Second Class,CUST-0171,Richard Jackson,Corporate,Chicago,South,Food & Beverage,Coffee,2,16.19,0.15,27.52,12.41,PayPal,3.4,False
ORD-0627,2023-07-15,2023-07-20,Second Class,CUST-0258,Joseph Harris,Home Office,San Jose,North,Electronics,Tablet,10,483.58,0.25,3626.85,1429.65,Credit Card,4.3,False
ORD-0628,2023-11-14,2023-11-15,First Class,CUST-0256,Linda Garcia,Home Office,Phoenix,South,Electronics,Tablet,7,500.13,0.05,3325.86,960.6,Debit Card,3.8,False
ORD-0629,2023-05-23,2023-05-23,Same Day,CUST-0332,Sarah Martin,Home Office,Columbus,West,Electronics,Smartphone,6,644.23,0.0,3865.38,1602.7,PayPal,4.7,False
ORD-0630,2023-12-07,2023-12-12,Second Class,CUST-0312,Michael Miller,Consumer,Columbus,South,Clothing,Jacket,9,100.15,0.0,901.35,361.13,Bank Transfer,3.9,False
ORD-0631,2023-11-21,2023-11-26,Standard,CUST-0089,Sarah Martin,Consumer,San Jose,West,Electronics,Laptop,4,880.76,0.0,3523.04,1243.51,Gift Card,3.7,False
ORD-0632,2023-03-26,2023-03-26,Same Day,CUST-0091,Robert Brown,Corporate,San Jose,North,Furniture,Sofa,8,865.06,0.1,6228.43,1623.48,Debit Card,4.9,False
ORD-0633,2023-07-13,2023-07-13,Same Day,CUST-0259,Sarah Martin,Consumer,San Jose,West,Furniture,Bookshelf,6,163.09,0.2,782.83,307.65,Bank Transfer,4.7,False
ORD-0634,2023-11-01,2023-11-04,Second Class,CUST-0132,Jessica White,Corporate,San Antonio,West,Food & Beverage,Coffee,2,18.42,0.1,33.16,11.93,Bank Transfer,3.5,False
ORD-0635,2023-08-29,2023-09-03,Standard,CUST-0007,,Consumer,Columbus,West,Office Supplies,Folder,6,5.45,0.0,32.7,14.1,Gift Card,4.1,False
ORD-0636,2023-09-08,2023-09-14,Standard,CUST-0210,Susan Thomas,Home Office,Charlotte,West,Food & Beverage,Juice,6,7.18,0.2,34.46,11.76,Credit Card,4.7,False
ORD-0637,2023-09-18,2023-09-21,First Class,CUST-0357,,Corporate,New York,South,Office Supplies,Pen Set,5,13.06,0.15,55.5,25.25,Bank Transfer,3.7,False
ORD-0638,2023-05-14,2023-05-18,Second Class,CUST-0131,William Martinez,Corporate,Houston,North,Furniture,Cabinet,1,270.67,0.0,270.67,76.28,Gift Card,3.7,False
ORD-0639,2023-12-28,2023-12-31,Second Class,CUST-0217,William Martinez,Consumer,Chicago,North,Furniture,Chair,7,260.53,0.2,1458.97,735.86,Bank Transfer,5.0,False
ORD-0640,2023-02-15,2023-02-18,First Class,CUST-0074,Robert Brown,Home Office,Phoenix,West,Office Supplies,Marker Set,5,12.25,0.2,49.0,13.98,Debit Card,3.1,False
ORD-0641,2023-02-05,2023-02-05,Same Day,CUST-0336,Mary Johnson,Corporate,Phoenix,South,Clothing,T-Shirt,1,31.64,0.0,31.64,12.61,Bank Transfer,3.9,False
ORD-0642,2023-08-19,2023-08-22,Second Class,CUST-0031,Nancy Young,Consumer,Jacksonville,West,Furniture,Desk,9,456.95,0.0,4112.55,1437.85,Debit Card,4.4,False
ORD-0643,2023-05-31,2023-06-01,First Class,CUST-0033,Lisa Hall,Home Office,Philadelphia,North,Food & Beverage,Juice,3,8.32,0.0,24.96,12.49,Credit Card,3.9,False
ORD-0644,2023-02-19,2023-02-19,Same Day,CUST-0309,Sarah Martin,Corporate,Dallas,North,Electronics,Laptop,1,897.77,0.0,897.77,490.38,PayPal,4.8,False
ORD-0645,2023-06-11,2023-06-11,Same Day,CUST-0194,Michael Miller,Corporate,San Jose,West,Clothing,Dress,6,80.42,0.15,410.14,160.68,Credit Card,4.5,False
ORD-0646,2023-01-14,2023-01-17,First Class,CUST-0359,Lisa Hall,Home Office,Fort Worth,West,Electronics,Laptop,7,872.95,0.0,6110.65,2019.88,Debit Card,4.3,False
ORD-0647,2023-11-23,2023-11-26,First Class,CUST-0024,Nancy Young,Home Office,Fort Worth,West,Food & Beverage,Snack Box,4,22.66,0.0,90.64,26.52,PayPal,4.1,False
ORD-0648,2023-12-04,2023-12-04,Same Day,CUST-0151,Joseph Harris,Corporate,San Jose,North,Food & Beverage,Juice,7,8.5,0.25,44.62,20.33,Debit Card,5.0,False
ORD-0649,2023-06-04,2023-06-09,Second Class,CUST-0229,Michael Miller,Consumer,Los Angeles,North,Office Supplies,Tape,8,3.97,0.0,31.76,9.64,Bank Transfer,2.3,False
ORD-0650,2023-03-24,2023-03-28,Second Class,CUST-0369,,Consumer,Phoenix,North,Furniture,Desk,7,398.31,0.0,2788.17,840.7,Bank Transfer,3.5,False
ORD-0651,2023-10-22,2023-10-25,First Class,CUST-0194,Michael Miller,Consumer,Charlotte,West,Furniture,Sofa,6,759.5,0.05,4329.15,2155.36,Bank Transfer,4.7,False
ORD-0652,2023-05-29,2023-05-30,First Class,CUST-0380,Karen Lee,Consumer,San Jose,South,Food & Beverage,Pasta,5,5.28,0.0,26.4,12.62,Debit Card,4.4,False
ORD-0653,2023-06-09,2023-06-14,Second Class,CUST-0199,William Martinez,Corporate,San Antonio,East,Clothing,Jeans,10,52.66,0.0,526.6,234.66,PayPal,5.0,False
ORD-0654,2023-10-03,2023-10-04,First Class,CUST-0113,Susan Thomas,Consumer,San Diego,South,Furniture,Sofa,7,835.23,0.0,5846.61,2126.54,Bank Transfer,3.7,False
ORD-0655,2023-05-21,2023-05-26,Second Class,CUST-0254,Robert Brown,Corporate,Phoenix,East,Electronics,Headphones,9,142.4,0.0,1281.6,381.36,Bank Transfer,,False
ORD-0656,2023-04-02,2023-04-04,First Class,CUST-0338,Linda Garcia,Home Office,Charlotte,South,Furniture,Table,4,363.04,0.0,1452.16,743.68,Debit Card,4.0,False
ORD-0657,2023-02-06,2023-02-08,First Class,CUST-0357,Sarah Martin,Corporate,Charlotte,West,Clothing,Shoes,7,93.7,0.2,524.72,237.42,Debit Card,3.6,False
ORD-0658,2023-08-23,2023-08-26,Second Class,CUST-0227,David Taylor,Home Office,Jacksonville,East,Electronics,Smartphone,1,630.82,0.1,567.74,166.51,Bank Transfer,4.2,False
ORD-0659,2023-10-22,2023-10-22,Same Day,CUST-0219,Richard Jackson,Home Office,Austin,South,Furniture,Table,1,320.44,0.15,272.37,81.41,Debit Card,4.7,False
ORD-0660,2023-10-31,2023-10-31,Same Day,CUST-0126,Charles Thompson,Consumer,New York,North,Food & Beverage,Tea,9,12.7,0.15,97.16,38.5,Credit Card,2.9,False
ORD-0661,2023-11-29,2023-11-29,Same Day,CUST-0189,Karen Lee,Home Office,New York,West,Office Supplies,Pen Set,2,11.3,0.25,16.95,8.24,Credit Card,4.4,False
ORD-0662,2023-05-21,2023-05-26,Second Class,CUST-0197,Linda Garcia,Home Office,San Diego,North,Office Supplies,Pen Set,10,13.34,0.25,100.05,32.03,Bank Transfer,4.1,False
ORD-0663,2023-10-12,2023-10-19,Standard,CUST-0266,Linda Garcia,Corporate,Columbus,South,Clothing,T-Shirt,1,31.51,0.2,25.21,8.84,Gift Card,4.3,False
ORD-0664,2023-11-03,2023-11-03,Same Day,CUST-0161,Linda Garcia,Home Office,Los Angeles,South,Electronics,Webcam,2,93.56,0.0,187.12,71.46,Credit Card,3.8,False
ORD-0665,2023-09-17,2023-09-21,Second Class,CUST-0217,William Martinez,Consumer,Austin,East,Furniture,Chair,2,219.94,0.0,439.88,182.94,Credit Card,4.9,True
ORD-0666,2023-03-13,2023-03-16,First Class,CUST-0268,Linda Garcia,Home Office,Charlotte,East,Office Supplies,Tape,9,4.06,0.25,27.41,11.95,PayPal,3.9,False
ORD-0667,2023-03-14,2023-03-17,Second Class,CUST-0303,Linda Garcia,Consumer,Philadelphia,North,Electronics,Keyboard,1,90.3,0.05,85.78,44.33,PayPal,3.6,False
ORD-0668,2023-07-24,2023-07-24,Same Day,CUST-0356,James Wilson,Corporate,Chicago,East,Electronics,Headphones,7,159.72,0.0,1118.04,306.99,Gift Card,3.9,False
ORD-0669,2023-08-03,2023-08-03,Same Day,CUST-0014,Robert Brown,Home Office,San Jose,South,Clothing,Sweater,6,64.45,0.0,386.7,113.11,Debit Card,,False
ORD-0670,2023-07-05,2023-07-09,Second Class,CUST-0141,,Consumer,New York,West,Electronics,Keyboard,6,85.02,0.0,510.12,157.39,Credit Card,3.8,False
ORD-0671,2023-10-29,2023-11-01,First Class,CUST-0359,Lisa Hall,Consumer,San Jose,North,Food & Beverage,Coffee,9,15.4,0.1,124.74,32.58,PayPal,3.3,False
ORD-0672,2023-12-14,2023-12-14,Same Day,CUST-0245,Mary Johnson,Corporate,San Jose,East,Electronics,Smartphone,3,768.07,0.15,1958.58,911.8,Debit Card,4.9,False
ORD-0673,2023-01-28,2023-02-02,Second Class,CUST-0348,Robert Brown,Consumer,San Jose,South,Furniture,Lamp,7,65.6,0.1,413.28,213.35,Bank Transfer,4.3,False
ORD-0674,2023-08-08,2023-08-09,First Class,CUST-0326,Michael Miller,Home Office,Columbus,West,Clothing,Shorts,5,34.28,0.1,154.26,73.65,Credit Card,5.0,False
ORD-0675,2023-05-03,2023-05-08,Standard,CUST-0044,,Home Office,Jacksonville,North,Clothing,Shorts,2,33.3,0.0,66.6,27.26,PayPal,4.6,False
ORD-0676,2023-07-27,2023-08-01,Standard,CUST-0366,William Martinez,Corporate,San Antonio,South,Electronics,Monitor,8,308.99,0.0,2471.92,1137.14,Gift Card,2.7,False
ORD-0677,2023-12-12,2023-12-19,Standard,CUST-0188,Mary Johnson,Home Office,Columbus,North,Office Supplies,Marker Set,8,15.02,0.0,120.16,64.35,Debit Card,4.8,False
ORD-0678,2023-06-23,2023-06-30,Standard,CUST-0149,James Wilson,Consumer,Phoenix,West,Food & Beverage,Juice,6,8.94,0.0,53.64,26.52,Bank Transfer,5.0,False
ORD-0679,2023-08-26,2023-08-27,First Class,CUST-0004,Richard Jackson,Corporate,San Jose,South,Office Supplies,Paper Ream,9,13.11,0.0,117.99,56.42,Bank Transfer,4.1,False
ORD-0680,2023-02-21,2023-02-27,Standard,CUST-0271,Mary Johnson,Corporate,Dallas,South,Electronics,Tablet,6,390.22,0.0,2341.32,703.77,Debit Card,4.9,False
ORD-0681,2023-07-11,2023-07-15,Second Class,CUST-0275,Jessica White,Consumer,Fort Worth,East,Electronics,Smartphone,8,719.76,0.2,4606.46,2374.72,PayPal,4.8,False
ORD-0682,2023-07-03,2023-07-06,Second Class,CUST-0146,Charles Thompson,Corporate,New York,South,Food & Beverage,Tea,7,13.36,0.0,93.52,35.39,Debit Card,4.4,False
ORD-0683,2023-08-04,2023-08-09,Second Class,CUST-0167,,Corporate,Fort Worth,South,Electronics,Smartphone,5,702.66,0.0,3513.3,1478.65,Bank Transfer,3.5,False
ORD-0684,2023-03-21,2023-03-26,Second Class,CUST-0027,,Consumer,Austin,North,Food & Beverage,Tea,1,12.99,0.0,12.99,4.8,PayPal,2.5,False
ORD-0685,2023-02-12,2023-02-15,Second Class,CUST-0374,Richard Jackson,Corporate,Dallas,West,Electronics,Monitor,5,367.74,0.25,1379.03,575.04,Debit Card,5.0,False
ORD-0686,2023-08-31,2023-09-03,Second Class,CUST-0097,William Martinez,Home Office,Columbus,South,Clothing,Sweater,7,70.9,0.05,471.49,159.93,Gift Card,5.0,False
ORD-0687,2023-03-16,2023-03-19,Second Class,CUST-0047,,Consumer,Columbus,West,Electronics,Smartphone,5,643.94,0.05,3058.72,1212.14,Credit Card,3.8,False
ORD-0688,2023-09-19,2023-09-20,First Class,CUST-0057,Barbara Anderson,Corporate,Phoenix,East,Furniture,Desk,8,397.52,0.0,3180.16,1126.83,PayPal,3.3,False
ORD-0689,2023-01-01,2023-01-04,First Class,CUST-0109,,Consumer,Phoenix,East,Food & Beverage,Tea,3,13.62,0.0,40.86,15.11,Bank Transfer,4.0,False
ORD-0690,2023-06-05,2023-06-10,Standard,CUST-0350,Michael Miller,Corporate,Dallas,East,Food & Beverage,Tea,6,12.48,0.15,63.65,33.65,Debit Card,5.0,False
ORD-0691,2023-10-27,2023-10-30,Second Class,CUST-0323,Karen Lee,Consumer,Jacksonville,East,Clothing,Sweater,5,63.92,0.05,303.62,134.03,Gift Card,3.5,False
ORD-0692,2023-06-04,2023-06-08,Second Class,CUST-0023,,Consumer,Chicago,West,Furniture,Desk,2,355.91,0.15,605.05,282.53,Debit Card,4.0,False
ORD-0693,2023-02-04,2023-02-10,Standard,CUST-0086,Sarah Martin,Corporate,San Jose,East,Office Supplies,Stapler,2,20.55,0.2,32.88,14.82,PayPal,2.9,False
ORD-0694,2023-09-11,2023-09-18,Standard,CUST-0085,Jessica White,Home Office,San Diego,North,Electronics,Headphones,4,153.95,0.2,492.64,229.47,Gift Card,3.9,False
ORD-0695,2023-03-23,2023-03-30,Standard,CUST-0263,Michael Miller,Consumer,San Diego,East,Food & Beverage,Snack Box,3,22.8,0.0,68.4,27.02,Gift Card,3.8,False
ORD-0696,2023-03-29,2023-04-01,Second Class,CUST-0150,Jessica White,Corporate,New York,South,Clothing,Shorts,5,42.54,0.0,212.7,80.48,Debit Card,3.4,False
ORD-0697,2023-10-01,2023-10-04,First Class,CUST-0324,Daniel Allen,Home Office,San Jose,North,Furniture,Bookshelf,4,179.68,0.05,682.78,315.41,PayPal,3.9,False
ORD-0698,2023-06-16,2023-06-17,First Class,CUST-0113,Susan Thomas,Corporate,Jacksonville,South,Office Supplies,Stapler,10,15.77,0.1,141.93,51.79,PayPal,4.5,False
ORD-0699,2023-11-17,2023-11-22,Second Class,CUST-0227,David Taylor,Home Office,Houston,North,Office Supplies,Marker Set,7,12.38,0.1,77.99,34.82,PayPal,4.9,False
ORD-0700,2023-03-17,2023-03-20,Second Class,CUST-0236,Linda Garcia,Consumer,Chicago,West,Food & Beverage,Tea,7,11.98,0.15,71.28,24.19,Debit Card,4.0,False
ORD-0701,2023-04-01,2023-04-06,Second Class,CUST-0036,Charles Thompson,Consumer,Chicago,East,Furniture,Lamp,5,67.72,0.0,338.6,172.87,Credit Card,3.4,False
ORD-0702,2023-07-13,2023-07-19,Standard,CUST-0391,Richard Jackson,Home Office,Columbus,South,Food & Beverage,Coffee,1,17.58,0.0,17.58,7.5,Credit Card,2.8,False
ORD-0703,2023-12-29,2023-12-29,Same Day,CUST-0389,,Consumer,San Jose,North,Clothing,Jeans,2,66.21,0.15,112.56,37.8,Bank Transfer,2.7,False
ORD-0704,2023-11-18,2023-11-25,Standard,CUST-0053,Charles Thompson,Consumer,Dallas,South,Food & Beverage,Tea,9,13.17,0.1,106.68,28.11,PayPal,4.7,False
ORD-0705,2023-08-07,2023-08-09,First Class,CUST-0116,Lisa Hall,Consumer,Charlotte,North,Food & Beverage,Tea,1,13.16,0.05,12.5,6.87,Bank Transfer,3.6,False
ORD-0706,2023-05-25,2023-05-28,First Class,CUST-0061,Mary Johnson,Consumer,Philadelphia,South,Electronics,Monitor,4,305.08,0.0,1220.32,649.38,Credit Card,4.1,False
ORD-0707,2023-03-18,2023-03-20,First Class,CUST-0179,Richard Jackson,Home Office,Charlotte,East,Furniture,Cabinet,3,308.31,0.2,739.94,254.56,Credit Card,3.8,False
ORD-0708,2023-06-13,2023-06-13,Same Day,CUST-0035,Christopher Walker,Consumer,Los Angeles,North,Clothing,Jacket,3,97.7,0.0,293.1,128.75,Gift Card,3.3,False
ORD-0709,2023-06-30,2023-06-30,Same Day,CUST-0356,James Wilson,Consumer,San Antonio,East,Furniture,Chair,3,220.69,0.2,529.66,224.74,Gift Card,3.9,False
ORD-0710,2023-09-30,2023-10-07,Standard,CUST-0298,Nancy Young,Home Office,Jacksonville,West,Furniture,Cabinet,8,261.34,0.25,1568.04,695.53,Bank Transfer,4.1,False
ORD-0711,2023-04-15,2023-04-15,Same Day,CUST-0069,Linda Garcia,Consumer,Charlotte,North,Furniture,Lamp,6,66.82,0.0,400.92,140.09,Credit Card,,False
ORD-0712,2023-05-05,2023-05-08,Second Class,CUST-0061,Mary Johnson,Consumer,Jacksonville,West,Furniture,Bookshelf,9,184.03,0.2,1325.02,724.73,Debit Card,5.0,True
ORD-0713,2023-09-02,2023-09-05,Second Class,CUST-0188,Mary Johnson,Home Office,Chicago,North,Food & Beverage,Protein Bar,2,36.43,0.0,72.86,20.11,Credit Card,4.8,True
ORD-0714,2023-08-29,2023-08-29,Same Day,CUST-0331,William Martinez,Corporate,Jacksonville,South,Food & Beverage,Tea,3,12.81,0.1,34.59,17.77,Credit Card,4.2,False
ORD-0715,2023-07-22,2023-07-24,First Class,CUST-0293,James Wilson,Home Office,Dallas,South,Electronics,Headphones,3,166.99,0.0,500.97,265.55,PayPal,3.1,False
ORD-0716,2023-04-19,2023-04-24,Second Class,CUST-0201,Barbara Anderson,Home Office,Chicago,North,Furniture,Bookshelf,7,152.78,0.0,1069.46,452.8,Gift Card,4.1,False
ORD-0717,2023-03-26,2023-03-26,Same Day,CUST-0100,Sarah Martin,Home Office,Phoenix,East,Food & Beverage,Juice,7,7.51,0.2,42.06,17.0,Credit Card,3.6,False
ORD-0718,2023-02-03,2023-02-04,First Class,CUST-0097,,Corporate,Dallas,South,Clothing,T-Shirt,3,25.72,0.0,77.16,29.51,Debit Card,4.1,True
ORD-0719,2023-01-25,2023-01-31,Standard,CUST-0183,Charles Thompson,Home Office,Fort Worth,North,Clothing,T-Shirt,8,27.64,0.0,221.12,73.25,PayPal,4.8,False
ORD-0720,2023-12-26,2023-12-26,Same Day,CUST-0380,Karen Lee,Home Office,Dallas,West,Clothing,Shorts,6,41.25,0.0,247.5,104.2,Credit Card,4.3,False
ORD-0721,2023-05-29,2023-05-29,Same Day,CUST-0041,Christopher Walker,Corporate,Charlotte,West,Electronics,Headphones,10,156.73,0.0,1567.3,732.53,Credit Card,4.8,False
ORD-0722,2023-08-18,2023-08-20,First Class,CUST-0320,Robert Brown,Home Office,Columbus,South,Furniture,Table,3,343.39,0.15,875.64,271.87,Bank Transfer,,False
ORD-0723,2023-03-20,2023-03-27,Standard,CUST-0008,Daniel Allen,Home Office,Chicago,South,Food & Beverage,Tea,10,13.16,0.0,131.6,38.52,PayPal,3.9,False
ORD-0724,2023-06-01,2023-06-03,First Class,CUST-0181,Charles Thompson,Corporate,Los Angeles,North,Electronics,Monitor,6,311.12,0.0,1866.72,700.66,Credit Card,4.6,False
ORD-0725,2023-10-19,2023-10-21,First Class,CUST-0206,Charles Thompson,Corporate,San Antonio,East,Clothing,Shoes,3,85.56,0.0,256.68,94.89,Gift Card,4.8,False
ORD-0726,2023-09-17,2023-09-23,Standard,CUST-0318,Charles Thompson,Corporate,Austin,East,Clothing,Dress,2,76.03,0.2,121.65,60.82,Credit Card,4.9,False
ORD-0727,2023-03-23,2023-03-27,Second Class,CUST-0199,William Martinez,Consumer,Columbus,South,Office Supplies,Notebook,5,7.83,0.2,31.32,15.89,Bank Transfer,3.8,False
ORD-0728,2023-02-25,2023-02-25,Same Day,CUST-0169,Daniel Allen,Consumer,Los Angeles,West,Food & Beverage,Olive Oil,2,19.72,0.0,39.44,21.39,PayPal,4.6,False
ORD-0729,2023-01-20,2023-01-23,Second Class,CUST-0328,James Wilson,Consumer,Houston,West,Furniture,Lamp,5,61.58,0.25,230.92,82.88,PayPal,3.6,False
ORD-0730,2023-01-28,2023-01-28,Same Day,CUST-0139,James Wilson,Corporate,Phoenix,East,Food & Beverage,Coffee,8,17.51,0.05,133.08,60.77,Debit Card,3.8,True
ORD-0731,2023-09-26,2023-10-01,Second Class,CUST-0028,James Wilson,Home Office,Los Angeles,East,Food & Beverage,Coffee,8,18.96,0.2,121.34,44.69,Bank Transfer,3.0,False
ORD-0732,2023-10-02,2023-10-02,Same Day,CUST-0182,Charles Thompson,Corporate,Charlotte,East,Furniture,Desk,8,457.42,0.25,2744.52,1135.68,Gift Card,3.5,True
ORD-0733,2023-06-15,2023-06-18,First Class,CUST-0008,Daniel Allen,Home Office,Chicago,North,Office Supplies,Pen Set,10,12.68,0.0,126.8,64.39,Bank Transfer,3.6,False
ORD-0734,2023-08-19,2023-08-24,Standard,CUST-0019,,Corporate,Houston,West,Clothing,T-Shirt,9,29.05,0.0,261.45,68.18,Debit Card,4.0,False
ORD-0735,2023-04-08,2023-04-09,First Class,CUST-0187,,Consumer,New York,West,Furniture,Sofa,6,771.24,0.05,4396.07,2366.41,PayPal,3.9,False
ORD-0736,2023-07-30,2023-07-30,Same Day,CUST-0268,Linda Garcia,Home Office,Fort Worth,West,Electronics,Keyboard,8,70.94,0.2,454.02,246.53,PayPal,3.7,False
ORD-0737,2023-10-05,2023-10-05,Same Day,CUST-0325,Sarah Martin,Home Office,Phoenix,South,Food & Beverage,Protein Bar,10,37.69,0.0,376.9,155.45,Gift Card,4.4,False
ORD-0738,2023-02-23,2023-03-01,Standard,CUST-0325,Sarah Martin,Consumer,San Diego,North,Electronics,Laptop,1,883.96,0.2,707.17,186.14,Gift Card,3.8,True
ORD-0739,2023-10-10,2023-10-10,Same Day,CUST-0064,James Wilson,Consumer,Philadelphia,West,Clothing,Shorts,4,36.82,0.25,110.46,31.31,Bank Transfer,4.9,False
ORD-0740,2023-05-18,2023-05-18,Same Day,CUST-0345,Daniel Allen,Consumer,Houston,East,Food & Beverage,Coffee,9,20.61,0.1,166.94,77.37,Credit Card,4.3,False
ORD-0741,2023-06-21,2023-06-26,Second Class,CUST-0285,Linda Garcia,Corporate,San Antonio,South,Electronics,Laptop,9,1137.2,0.15,8699.58,3768.27,Debit Card,2.7,False
ORD-0742,2023-07-26,2023-07-26,Same Day,CUST-0119,Robert Brown,Consumer,Los Angeles,West,Electronics,Webcam,7,90.11,0.0,630.77,317.75,Debit Card,3.1,False
ORD-0743,2023-04-15,2023-04-15,Same Day,CUST-0006,Richard Jackson,Home Office,Austin,East,Food & Beverage,Pasta,3,6.1,0.15,15.55,6.03,Gift Card,4.5,False
ORD-0744,2023-11-21,2023-11-25,Second Class,CUST-0335,Patricia Davis,Consumer,Charlotte,West,Office Supplies,Notebook,3,7.86,0.25,17.69,8.13,Debit Card,4.4,False
ORD-0745,2023-02-12,2023-02-17,Standard,CUST-0057,Barbara Anderson,Corporate,San Diego,West,Furniture,Lamp,1,54.74,0.1,49.27,24.22,Gift Card,3.9,False
ORD-0746,2023-04-17,2023-04-23,Standard,CUST-0212,Patricia Davis,Consumer,Los Angeles,North,Clothing,Jeans,8,54.93,0.15,373.52,97.14,Bank Transfer,3.6,False
ORD-0747,2023-04-03,2023-04-09,Standard,CUST-0061,Mary Johnson,Home Office,Philadelphia,East,Food & Beverage,Juice,8,8.14,0.0,65.12,29.03,PayPal,3.1,False
ORD-0748,2023-04-09,2023-04-16,Standard,CUST-0266,Linda Garcia,Home Office,Dallas,South,Office Supplies,Notebook,5,7.87,0.0,39.35,14.25,Debit Card,4.2,False
ORD-0749,2023-12-21,2023-12-21,Same Day,CUST-0103,Susan Thomas,Consumer,Los Angeles,East,Furniture,Chair,4,248.17,0.0,992.68,426.32,PayPal,4.9,False
ORD-0750,2023-04-09,2023-04-10,First Class,CUST-0202,Michael Miller,Corporate,Los Angeles,West,Food & Beverage,Olive Oil,9,22.8,0.2,164.16,80.37,Gift Card,5.0,False
ORD-0751,2023-08-17,2023-08-20,First Class,CUST-0164,Patricia Davis,Home Office,San Jose,South,Furniture,Table,8,338.02,0.2,2163.33,1164.22,Credit Card,5.0,False
ORD-0752,2023-03-27,2023-03-27,Same Day,CUST-0151,Joseph Harris,Home Office,San Jose,East,Office Supplies,Stapler,2,16.53,0.25,24.8,6.47,Gift Card,2.8,True
ORD-0753,2023-05-06,2023-05-09,First Class,CUST-0191,Daniel Allen,Corporate,Chicago,East,Furniture,Table,3,391.87,0.15,999.27,333.11,PayPal,4.9,False
ORD-0754,2023-04-30,2023-05-02,First Class,CUST-0309,Sarah Martin,Consumer,Houston,East,Electronics,Keyboard,8,70.25,0.15,477.7,149.45,Gift Card,4.1,False
ORD-0755,2023-06-12,2023-06-18,Standard,CUST-0253,Daniel Allen,Home Office,San Diego,North,Office Supplies,Tape,7,3.55,0.2,19.88,6.2,Credit Card,4.5,False
ORD-0756,2023-05-02,2023-05-09,Standard,CUST-0330,Jessica White,Home Office,Fort Worth,South,Electronics,Monitor,6,372.83,0.2,1789.58,904.38,Gift Card,3.7,False
ORD-0757,2023-06-22,2023-06-22,Same Day,CUST-0049,Daniel Allen,Consumer,Columbus,West,Clothing,Jeans,9,58.34,0.0,525.06,134.26,Bank Transfer,4.9,False
ORD-0758,2023-11-10,2023-11-10,Same Day,CUST-0253,Daniel Allen,Home Office,Columbus,North,Clothing,Shoes,6,91.37,0.25,411.17,179.85,Credit Card,4.0,False
ORD-0759,2023-02-23,2023-02-23,Same Day,CUST-0116,Lisa Hall,Consumer,Chicago,South,Electronics,Laptop,1,934.8,0.0,934.8,457.15,Credit Card,3.5,False
ORD-0760,2023-01-23,2023-01-28,Standard,CUST-0136,Daniel Allen,Home Office,Philadelphia,North,Clothing,Shorts,1,39.13,0.1,35.22,14.17,Gift Card,5.0,False
ORD-0761,2023-03-17,2023-03-17,Same Day,CUST-0343,Karen Lee,Consumer,Los Angeles,West,Furniture,Desk,3,408.25,0.15,1041.04,302.24,Gift Card,4.0,False
ORD-0762,2023-02-17,2023-02-23,Standard,CUST-0181,Charles Thompson,Home Office,Dallas,East,Food & Beverage,Protein Bar,8,38.44,0.05,292.14,93.67,Debit Card,4.2,False
ORD-0763,2023-04-19,2023-04-19,Same Day,CUST-0198,Richard Jackson,Consumer,Houston,North,Furniture,Lamp,8,60.3,0.0,482.4,126.96,Bank Transfer,3.8,False
ORD-0764,2023-09-16,2023-09-17,First Class,CUST-0198,Richard Jackson,Corporate,San Diego,East,Office Supplies,Tape,8,4.42,0.0,35.36,14.79,Gift Card,3.9,False
ORD-0765,2023-10-23,2023-10-23,Same Day,CUST-0055,Charles Thompson,Corporate,Jacksonville,East,Furniture,Chair,3,274.92,0.1,742.28,209.38,Credit Card,4.5,False
ORD-0766,2023-06-30,2023-07-06,Standard,CUST-0182,Charles Thompson,Corporate,San Antonio,North,Furniture,Bookshelf,9,185.8,0.25,1254.15,341.24,Debit Card,1.6,False
ORD-0767,2023-02-20,2023-02-20,Same Day,CUST-0100,Sarah Martin,Corporate,Phoenix,North,Office Supplies,Stapler,5,15.4,0.15,65.45,26.63,Debit Card,4.9,False
ORD-0768,2023-12-15,2023-12-20,Standard,CUST-0113,Susan Thomas,Home Office,Los Angeles,West,Office Supplies,Folder,7,5.29,0.0,37.03,18.87,Credit Card,4.8,False
ORD-0769,2023-07-20,2023-07-21,First Class,CUST-0254,Robert Brown,Corporate,Houston,North,Furniture,Chair,4,234.01,0.2,748.83,331.27,Debit Card,3.5,False
ORD-0770,2023-04-05,2023-04-05,Same Day,CUST-0379,Linda Garcia,Home Office,Phoenix,East,Clothing,Sweater,1,63.01,0.0,63.01,16.56,Debit Card,4.7,False
ORD-0771,2023-12-08,2023-12-14,Standard,CUST-0091,Robert Brown,Corporate,Phoenix,East,Furniture,Desk,3,340.21,0.0,1020.63,255.82,Credit Card,4.8,False
ORD-0772,2023-09-08,2023-09-13,Standard,CUST-0009,Christopher Walker,Corporate,San Jose,East,Electronics,Headphones,10,139.82,0.0,1398.2,763.01,PayPal,4.4,False
ORD-0773,2023-06-21,2023-06-24,First Class,CUST-0280,Nancy Young,Consumer,Phoenix,South,Furniture,Table,2,373.9,0.1,673.02,201.74,Bank Transfer,3.5,False
ORD-0774,2023-02-27,2023-03-05,Standard,CUST-0076,Lisa Hall,Home Office,San Antonio,East,Clothing,Jacket,10,106.53,0.25,798.97,255.13,Debit Card,4.3,False
ORD-0775,2023-04-16,2023-04-16,Same Day,CUST-0328,James Wilson,Home Office,Los Angeles,South,Food & Beverage,Coffee,7,18.86,0.15,112.22,35.93,PayPal,4.3,False
ORD-0776,2023-07-20,2023-07-22,First Class,CUST-0098,Robert Brown,Corporate,New York,South,Food & Beverage,Snack Box,6,21.91,0.15,111.74,45.11,Gift Card,4.9,False
ORD-0777,2023-05-28,2023-05-31,Second Class,CUST-0239,James Wilson,Corporate,Austin,West,Office Supplies,Notebook,10,6.99,0.15,59.42,25.42,Debit Card,3.5,False
ORD-0778,2023-02-03,2023-02-09,Standard,CUST-0112,Daniel Allen,Corporate,Phoenix,South,Office Supplies,Marker Set,8,13.37,0.1,96.26,49.74,Gift Card,3.9,False
ORD-0779,2023-05-09,2023-05-13,Second Class,CUST-0045,Christopher Walker,Home Office,Jacksonville,East,Electronics,Monitor,1,359.42,0.0,359.42,95.5,PayPal,2.5,False
ORD-0780,2023-08-31,2023-08-31,Same Day,CUST-0217,,Corporate,San Antonio,North,Food & Beverage,Snack Box,4,21.83,0.0,87.32,34.91,Credit Card,4.2,False
ORD-0781,2023-10-24,2023-10-25,First Class,CUST-0070,Sarah Martin,Home Office,San Antonio,South,Office Supplies,Stapler,7,19.59,0.15,116.56,39.38,Gift Card,2.7,False
ORD-0782,2023-08-12,2023-08-12,Same Day,CUST-0356,,Home Office,Philadelphia,West,Clothing,Dress,3,72.66,0.2,174.38,81.21,Gift Card,3.4,False
ORD-0783,2023-08-25,2023-08-25,Same Day,CUST-0046,William Martinez,Corporate,Fort Worth,West,Food & Beverage,Protein Bar,7,38.19,0.2,213.86,58.01,Debit Card,4.7,False
ORD-0784,2023-01-28,2023-02-03,Standard,CUST-0237,James Wilson,Consumer,Fort Worth,East,Furniture,Sofa,10,756.21,0.1,6805.89,2770.47,Gift Card,3.8,True
ORD-0785,2023-05-29,2023-06-01,First Class,CUST-0032,Robert Brown,Corporate,Los Angeles,North,Electronics,Tablet,10,412.1,0.0,4121.0,1474.73,Gift Card,4.0,False
ORD-0786,2023-03-11,2023-03-16,Second Class,CUST-0155,Mary Johnson,Home Office,Austin,South,Electronics,Keyboard,3,75.63,0.25,170.17,60.52,PayPal,4.2,False
ORD-0787,2023-03-20,2023-03-27,Standard,CUST-0127,Sarah Martin,Consumer,Houston,South,Food & Beverage,Snack Box,2,22.17,0.0,44.34,12.57,Credit Card,1.6,False
ORD-0788,2023-09-05,2023-09-08,First Class,CUST-0314,Patricia Davis,Consumer,Austin,North,Food & Beverage,Juice,5,8.21,0.2,32.84,11.91,Bank Transfer,4.1,False
ORD-0789,2023-03-29,2023-04-03,Second Class,CUST-0244,Robert Brown,Consumer,San Diego,North,Food & Beverage,Tea,3,10.46,0.05,29.81,10.29,PayPal,4.6,False
ORD-0790,2023-07-17,2023-07-17,Same Day,CUST-0218,Jessica White,Home Office,Chicago,East,Office Supplies,Paper Ream,5,16.45,0.2,65.8,20.32,Credit Card,3.2,False
ORD-0791,2023-01-22,2023-01-22,Same Day,CUST-0142,Charles Thompson,Consumer,New York,East,Food & Beverage,Coffee,10,18.28,0.25,137.1,54.01,Debit Card,4.3,False
ORD-0792,2023-09-20,2023-09-23,Second Class,CUST-0181,Charles Thompson,Home Office,Austin,East,Office Supplies,Pen Set,9,11.18,0.2,80.5,32.28,Gift Card,3.6,False
ORD-0793,2023-07-12,2023-07-17,Second Class,CUST-0295,Christopher Walker,Corporate,Jacksonville,East,Furniture,Bookshelf,2,167.42,0.25,251.13,128.04,Gift Card,3.6,False
ORD-0794,2023-10-27,2023-11-03,Standard,CUST-0016,Robert Brown,Home Office,Columbus,East,Furniture,Lamp,10,63.4,0.15,538.9,245.05,Debit Card,4.1,False
ORD-0795,2023-02-23,2023-02-23,Same Day,CUST-0033,Lisa Hall,Corporate,New York,West,Food & Beverage,Olive Oil,4,18.7,0.05,71.06,28.19,Gift Card,3.7,True
ORD-0796,2023-06-14,2023-06-14,Same Day,CUST-0069,Linda Garcia,Home Office,Austin,East,Electronics,Monitor,1,362.49,0.0,362.49,198.95,Gift Card,4.1,False
ORD-0797,2023-08-11,2023-08-18,Standard,CUST-0323,Karen Lee,Consumer,Austin,East,Food & Beverage,Juice,4,7.39,0.0,29.56,9.69,Credit Card,3.5,False
ORD-0798,2023-06-24,2023-06-24,Same Day,CUST-0098,Robert Brown,Home Office,Columbus,West,Electronics,Tablet,9,430.17,0.0,3871.53,1815.29,Debit Card,3.8,False
ORD-0799,2023-11-17,2023-11-23,Standard,CUST-0066,Sarah Martin,Consumer,Fort Worth,South,Clothing,Jacket,8,109.18,0.2,698.75,318.63,Gift Card,4.2,False
ORD-0800,2023-05-09,2023-05-15,Standard,CUST-0081,Joseph Harris,Consumer,Phoenix,East,Furniture,Chair,4,244.06,0.1,878.62,243.39,Credit Card,4.2,False
ORD-0801,2023-10-07,2023-10-07,Same Day,CUST-0135,Robert Brown,Corporate,Austin,East,Office Supplies,Folder,10,4.82,0.0,48.2,12.57,Credit Card,,False
ORD-0802,2023-12-06,2023-12-11,Standard,CUST-0289,Daniel Allen,Consumer,Charlotte,North,Furniture,Bookshelf,4,178.67,0.15,607.48,263.47,Gift Card,3.5,False
ORD-0803,2023-10-10,2023-10-16,Standard,CUST-0054,Barbara Anderson,Corporate,New York,North,Electronics,Tablet,10,466.88,0.0,4668.8,1581.99,Bank Transfer,4.8,False
ORD-0804,2023-01-14,2023-01-14,Same Day,CUST-0350,Michael Miller,Consumer,Austin,East,Food & Beverage,Juice,1,9.12,0.0,9.12,2.93,Credit Card,5.0,True
ORD-0805,2023-03-01,2023-03-04,First Class,CUST-0181,Charles Thompson,Corporate,Houston,South,Food & Beverage,Olive Oil,7,24.98,0.0,174.86,59.32,PayPal,3.5,True
ORD-0806,2023-01-08,2023-01-15,Standard,CUST-0030,Jessica White,Consumer,Chicago,North,Furniture,Chair,7,270.05,0.0,1890.35,674.39,Bank Transfer,3.7,True
ORD-0807,2023-09-03,2023-09-10,Standard,CUST-0040,David Taylor,Corporate,Phoenix,South,Clothing,Dress,3,68.29,0.2,163.9,72.44,Gift Card,4.0,False
ORD-0808,2023-10-10,2023-10-11,First Class,CUST-0164,Patricia Davis,Corporate,Jacksonville,South,Clothing,Shorts,5,38.21,0.15,162.39,67.02,Gift Card,4.5,True
ORD-0809,2023-03-12,2023-03-15,Second Class,CUST-0063,Barbara Anderson,Corporate,Philadelphia,West,Food & Beverage,Olive Oil,2,20.08,0.05,38.15,16.76,Debit Card,,False
ORD-0810,2023-01-18,2023-01-18,Same Day,CUST-0154,,Consumer,Columbus,West,Food & Beverage,Olive Oil,1,23.77,0.25,17.83,7.58,Credit Card,,False
ORD-0811,2023-01-23,2023-01-26,Second Class,CUST-0338,Linda Garcia,Corporate,San Antonio,North,Food & Beverage,Juice,7,8.77,0.25,46.04,13.58,Gift Card,,False
ORD-0812,2023-05-15,2023-05-16,First Class,CUST-0372,Richard Jackson,Consumer,Columbus,East,Office Supplies,Tape,10,3.97,0.15,33.75,9.65,Gift Card,3.1,False
ORD-0813,2023-10-01,2023-10-04,First Class,CUST-0084,Nancy Young,Home Office,San Antonio,North,Electronics,Webcam,7,81.41,0.1,512.88,177.79,Bank Transfer,2.8,False
ORD-0814,2023-05-08,2023-05-08,Same Day,CUST-0020,,Home Office,San Jose,East,Furniture,Chair,5,221.85,0.0,1109.25,393.24,PayPal,4.7,False
ORD-0815,2023-05-16,2023-05-21,Standard,CUST-0226,Richard Jackson,Corporate,New York,North,Office Supplies,Notebook,10,8.57,0.15,72.84,33.16,Bank Transfer,,False
ORD-0816,2023-05-22,2023-05-29,Standard,CUST-0226,Richard Jackson,Consumer,Chicago,West,Office Supplies,Pen Set,10,12.77,0.0,127.7,62.6,PayPal,5.0,False
ORD-0817,2023-11-13,2023-11-20,Standard,CUST-0336,Mary Johnson,Home Office,New York,South,Food & Beverage,Tea,3,13.4,0.0,40.2,18.64,Debit Card,3.6,False
ORD-0818,2023-05-13,2023-05-16,First Class,CUST-0277,William Martinez,Home Office,Jacksonville,North,Office Supplies,Stapler,4,15.9,0.0,63.6,25.14,Credit Card,3.9,False
ORD-0819,2023-05-02,2023-05-05,First Class,CUST-0349,Robert Brown,Consumer,San Antonio,West,Electronics,Headphones,9,138.61,0.0,1247.49,373.44,Credit Card,3.8,False
ORD-0820,2023-07-28,2023-07-30,First Class,CUST-0319,Charles Thompson,Home Office,New York,East,Furniture,Chair,6,248.47,0.15,1267.2,543.27,Debit Card,3.2,False
ORD-0821,2023-06-10,2023-06-13,First Class,CUST-0111,,Consumer,San Antonio,North,Furniture,Sofa,10,806.42,0.05,7660.99,2845.76,Gift Card,,False
ORD-0822,2023-10-03,2023-10-10,Standard,CUST-0311,James Wilson,Consumer,San Diego,North,Food & Beverage,Pasta,4,6.83,0.2,21.86,8.62,Gift Card,3.8,False
ORD-0823,2023-07-05,2023-07-10,Standard,CUST-0355,Richard Jackson,Consumer,Houston,East,Furniture,Table,6,367.59,0.05,2095.26,956.36,Bank Transfer,4.6,False
ORD-0824,2023-07-05,2023-07-09,Second Class,CUST-0230,,Home Office,Fort Worth,East,Clothing,T-Shirt,9,29.19,0.0,262.71,67.57,Bank Transfer,4.6,False
ORD-0825,2023-11-07,2023-11-09,First Class,CUST-0061,Mary Johnson,Corporate,Los Angeles,South,Furniture,Sofa,10,709.24,0.0,7092.4,3864.76,Bank Transfer,4.5,False
ORD-0826,2023-03-27,2023-03-27,Same Day,CUST-0381,Jessica White,Consumer,Los Angeles,South,Office Supplies,Paper Ream,8,13.29,0.0,106.32,50.0,Debit Card,4.5,False
ORD-0827,2023-08-05,2023-08-08,Second Class,CUST-0365,Susan Thomas,Consumer,Phoenix,South,Electronics,Keyboard,3,67.57,0.2,162.17,74.92,Credit Card,4.1,False
ORD-0828,2023-07-01,2023-07-01,Same Day,CUST-0380,Karen Lee,Home Office,Columbus,North,Clothing,Dress,1,75.4,0.0,75.4,33.06,Bank Transfer,5.0,False
ORD-0829,2023-03-19,2023-03-22,First Class,CUST-0346,Karen Lee,Home Office,Austin,South,Furniture,Lamp,10,50.17,0.0,501.7,230.81,Bank Transfer,4.1,False
ORD-0830,2023-09-10,2023-09-10,Same Day,CUST-0147,Robert Brown,Consumer,Philadelphia,East,Office Supplies,Marker Set,4,15.46,0.1,55.66,30.22,Bank Transfer,4.0,False
ORD-0831,2023-10-22,2023-10-23,First Class,CUST-0146,Charles Thompson,Corporate,Chicago,South,Furniture,Chair,9,278.77,0.1,2258.04,711.37,Credit Card,3.8,False
ORD-0832,2023-04-29,2023-05-06,Standard,CUST-0106,,Corporate,Dallas,East,Furniture,Desk,10,386.79,0.0,3867.9,1775.85,Gift Card,5.0,True
ORD-0833,2023-07-09,2023-07-09,Same Day,CUST-0375,William Martinez,Consumer,San Diego,South,Electronics,Headphones,8,129.59,0.0,1036.72,499.21,Gift Card,3.9,False
ORD-0834,2023-05-15,2023-05-20,Standard,CUST-0182,Charles Thompson,Corporate,Fort Worth,North,Electronics,Keyboard,7,84.86,0.25,445.51,181.7,Credit Card,2.7,False
ORD-0835,2023-08-21,2023-08-28,Standard,CUST-0362,Susan Thomas,Home Office,Jacksonville,South,Electronics,Tablet,6,389.44,0.1,2102.98,552.38,PayPal,4.0,True
ORD-0836,2023-11-21,2023-11-24,Second Class,CUST-0301,Jessica White,Consumer,San Antonio,East,Electronics,Keyboard,9,89.97,0.0,809.73,426.99,Debit Card,4.2,False
ORD-0837,2023-03-09,2023-03-14,Second Class,CUST-0002,,Home Office,San Antonio,South,Furniture,Cabinet,8,286.95,0.1,2066.04,996.63,Credit Card,3.7,False
ORD-0838,2023-11-20,2023-11-23,First Class,CUST-0248,Karen Lee,Home Office,Dallas,West,Furniture,Chair,5,258.14,0.2,1032.56,325.88,Debit Card,3.7,False
ORD-0839,2023-10-06,2023-10-10,Second Class,CUST-0058,Barbara Anderson,Corporate,Charlotte,West,Clothing,Sweater,7,70.62,0.15,420.19,212.58,PayPal,4.4,False
ORD-0840,2023-06-13,2023-06-13,Same Day,CUST-0361,Linda Garcia,Consumer,Chicago,West,Furniture,Lamp,3,57.02,0.25,128.3,44.62,Bank Transfer,4.9,False
ORD-0841,2023-09-17,2023-09-18,First Class,CUST-0134,David Taylor,Consumer,Austin,South,Office Supplies,Paper Ream,5,13.92,0.1,62.64,27.97,PayPal,3.8,False
ORD-0842,2023-04-23,2023-04-24,First Class,CUST-0230,Susan Thomas,Consumer,San Antonio,East,Food & Beverage,Juice,5,7.93,0.25,29.74,8.42,Debit Card,4.4,False
ORD-0843,2023-03-08,2023-03-15,Standard,CUST-0195,Linda Garcia,Home Office,Los Angeles,North,Furniture,Table,10,370.75,0.15,3151.38,1674.45,PayPal,3.3,False
ORD-0844,2023-10-02,2023-10-02,Same Day,CUST-0368,William Martinez,Home Office,Houston,North,Office Supplies,Notebook,4,7.12,0.15,24.21,6.36,PayPal,5.0,False
ORD-0845,2023-01-19,2023-01-19,Same Day,CUST-0249,Richard Jackson,Home Office,New York,South,Clothing,Shoes,4,89.79,0.0,359.16,171.47,Debit Card,5.0,True
ORD-0846,2023-12-02,2023-12-05,First Class,CUST-0044,Sarah Martin,Home Office,Los Angeles,East,Furniture,Chair,2,217.35,0.2,347.76,162.61,Credit Card,4.0,False
ORD-0847,2023-02-18,2023-02-23,Second Class,CUST-0311,James Wilson,Home Office,Columbus,North,Food & Beverage,Coffee,9,19.66,0.0,176.94,72.92,PayPal,2.2,False
ORD-0848,2023-05-16,2023-05-16,Same Day,CUST-0150,Jessica White,Corporate,San Antonio,East,Electronics,Tablet,4,387.56,0.0,1550.24,775.55,Credit Card,5.0,False
ORD-0849,2023-07-15,2023-07-15,Same Day,CUST-0191,Daniel Allen,Home Office,Fort Worth,East,Clothing,Shoes,9,87.55,0.05,748.55,364.73,Gift Card,3.7,False
ORD-0850,2023-09-02,2023-09-05,First Class,CUST-0171,Richard Jackson,Consumer,Chicago,West,Office Supplies,Notebook,8,9.11,0.15,61.95,30.41,Credit Card,4.5,False
ORD-0851,2023-11-12,2023-11-17,Second Class,CUST-0031,Nancy Young,Consumer,Fort Worth,South,Food & Beverage,Snack Box,3,28.39,0.2,68.14,17.14,Bank Transfer,2.7,False
ORD-0852,2023-01-03,2023-01-03,Same Day,CUST-0280,Nancy Young,Consumer,San Diego,South,Clothing,Shorts,6,38.26,0.2,183.65,68.31,PayPal,4.4,False
ORD-0853,2023-02-23,2023-02-23,Same Day,CUST-0066,Sarah Martin,Home Office,Fort Worth,West,Food & Beverage,Olive Oil,9,19.18,0.0,172.62,62.71,Credit Card,4.3,False
ORD-0854,2023-09-11,2023-09-11,Same Day,CUST-0072,,Consumer,Jacksonville,West,Furniture,Desk,1,429.8,0.2,343.84,172.44,Gift Card,4.0,True
ORD-0855,2023-11-11,2023-11-16,Second Class,CUST-0073,Susan Thomas,Home Office,Phoenix,East,Electronics,Monitor,5,326.72,0.15,1388.56,464.47,Gift Card,4.6,False
ORD-0856,2023-06-19,2023-06-24,Second Class,CUST-0269,Karen Lee,Corporate,Jacksonville,East,Clothing,Dress,8,82.95,0.05,630.42,315.96,Bank Transfer,,False
ORD-0857,2023-04-13,2023-04-13,Same Day,CUST-0170,Susan Thomas,Consumer,Los Angeles,North,Furniture,Cabinet,5,304.84,0.05,1447.99,461.2,Credit Card,3.7,False
ORD-0858,2023-05-21,2023-05-24,First Class,CUST-0189,Karen Lee,Corporate,San Jose,South,Electronics,Tablet,1,382.87,0.05,363.73,161.09,Bank Transfer,4.0,False
ORD-0859,2023-04-02,2023-04-07,Second Class,CUST-0268,Linda Garcia,Consumer,San Jose,South,Furniture,Chair,4,280.84,0.1,1011.02,486.7,Bank Transfer,3.0,False
ORD-0860,2023-04-18,2023-04-21,Second Class,CUST-0047,,Home Office,Charlotte,East,Office Supplies,Folder,10,4.73,0.25,35.48,10.49,Gift Card,4.5,False
ORD-0861,2023-08-06,2023-08-08,First Class,CUST-0257,Nancy Young,Consumer,Fort Worth,North,Electronics,Tablet,3,479.83,0.25,1079.62,562.89,Credit Card,3.7,False
ORD-0862,2023-09-29,2023-10-04,Second Class,CUST-0325,Sarah Martin,Corporate,Columbus,West,Food & Beverage,Olive Oil,5,21.87,0.15,92.95,32.65,PayPal,3.9,False
ORD-0863,2023-10-13,2023-10-18,Second Class,CUST-0013,Karen Lee,Home Office,Columbus,West,Office Supplies,Paper Ream,5,13.28,0.0,66.4,30.77,PayPal,4.6,False
ORD-0864,2023-07-15,2023-07-21,Standard,CUST-0101,Charles Thompson,Consumer,San Diego,West,Clothing,Sweater,10,79.21,0.05,752.49,403.73,PayPal,3.9,True
ORD-0865,2023-11-07,2023-11-10,First Class,CUST-0329,William Martinez,Corporate,San Diego,North,Clothing,Jacket,5,106.75,0.0,533.75,234.04,Bank Transfer,,False
ORD-0866,2023-11-08,2023-11-12,Second Class,CUST-0243,Charles Thompson,Home Office,Jacksonville,North,Clothing,Jacket,1,111.43,0.25,83.57,22.12,Gift Card,3.5,True
ORD-0867,2023-02-12,2023-02-12,Same Day,CUST-0327,Richard Jackson,Home Office,Jacksonville,South,Electronics,Headphones,3,152.45,0.0,457.35,202.54,Credit Card,3.5,False
ORD-0868,2023-06-20,2023-06-24,Second Class,CUST-0301,Jessica White,Home Office,Jacksonville,South,Clothing,Shorts,10,39.75,0.0,397.5,175.86,PayPal,4.6,False
ORD-0869,2023-05-17,2023-05-22,Standard,CUST-0142,Charles Thompson,Consumer,San Jose,North,Food & Beverage,Juice,4,8.38,0.0,33.52,16.02,Debit Card,4.0,False
ORD-0870,2023-06-24,2023-06-30,Standard,CUST-0290,Joseph Harris,Home Office,Charlotte,East,Electronics,Tablet,6,411.4,0.0,2468.4,1328.79,Bank Transfer,3.2,False
ORD-0871,2023-03-28,2023-03-31,First Class,CUST-0236,Linda Garcia,Consumer,Los Angeles,North,Furniture,Lamp,6,50.79,0.0,304.74,151.59,Debit Card,3.7,False
ORD-0872,2023-12-28,2023-12-31,Second Class,CUST-0290,Joseph Harris,Corporate,Philadelphia,South,Furniture,Lamp,1,66.97,0.2,53.58,20.12,Bank Transfer,4.5,False
ORD-0873,2023-02-17,2023-02-20,First Class,CUST-0179,Richard Jackson,Corporate,Fort Worth,East,Furniture,Desk,8,391.41,0.1,2818.15,1059.55,Gift Card,5.0,False
ORD-0874,2023-12-26,2023-12-29,First Class,CUST-0107,Nancy Young,Consumer,Philadelphia,West,Furniture,Chair,9,232.75,0.05,1990.01,883.73,Gift Card,4.1,False
ORD-0875,2023-05-14,2023-05-17,Second Class,CUST-0244,Robert Brown,Corporate,Chicago,South,Clothing,T-Shirt,4,32.43,0.25,97.29,25.89,Bank Transfer,3.8,False
ORD-0876,2023-01-05,2023-01-07,First Class,CUST-0173,,Corporate,Austin,North,Food & Beverage,Olive Oil,2,23.85,0.15,40.55,16.51,Credit Card,4.7,False
ORD-0877,2023-10-31,2023-10-31,Same Day,CUST-0243,Charles Thompson,Consumer,Columbus,South,Furniture,Cabinet,8,298.78,0.25,1792.68,875.9,Debit Card,3.0,False
ORD-0878,2023-09-17,2023-09-19,First Class,CUST-0296,Lisa Hall,Corporate,San Antonio,West,Clothing,Shoes,1,84.5,0.05,80.27,23.56,Gift Card,,False
ORD-0879,2023-12-06,2023-12-07,First Class,CUST-0393,James Wilson,Home Office,Chicago,South,Clothing,Dress,3,72.06,0.0,216.18,114.28,PayPal,1.9,False
ORD-0880,2023-06-07,2023-06-10,Second Class,CUST-0224,,Consumer,Los Angeles,South,Electronics,Keyboard,3,86.37,0.1,233.2,69.79,Debit Card,4.2,False
ORD-0881,2023-08-30,2023-09-04,Second Class,CUST-0242,Charles Thompson,Consumer,Austin,West,Clothing,T-Shirt,6,27.54,0.0,165.24,56.5,Bank Transfer,4.5,False
ORD-0882,2023-06-17,2023-06-17,Same Day,CUST-0306,Robert Brown,Corporate,San Antonio,South,Electronics,Monitor,3,294.61,0.2,707.06,203.09,Gift Card,,False
ORD-0883,2023-07-08,2023-07-14,Standard,CUST-0313,Linda Garcia,Home Office,San Jose,South,Office Supplies,Notebook,3,8.09,0.05,23.06,10.73,Bank Transfer,3.6,False
ORD-0884,2023-08-11,2023-08-15,Second Class,CUST-0218,Jessica White,Consumer,Chicago,South,Furniture,Cabinet,4,265.62,0.1,956.23,306.31,PayPal,3.9,False
ORD-0885,2023-07-23,2023-07-23,Same Day,CUST-0043,Christopher Walker,Corporate,Philadelphia,East,Food & Beverage,Coffee,3,15.3,0.0,45.9,19.51,Credit Card,3.5,False
ORD-0886,2023-12-18,2023-12-18,Same Day,CUST-0217,William Martinez,Consumer,Fort Worth,East,Electronics,Smartphone,10,798.2,0.2,6385.6,3078.9,Credit Card,4.0,False
ORD-0887,2023-12-31,2024-01-06,Standard,CUST-0092,Karen Lee,Home Office,San Antonio,West,Electronics,Headphones,6,140.25,0.25,631.12,289.57,Gift Card,4.5,False
ORD-0888,2023-04-12,2023-04-12,Same Day,CUST-0223,Daniel Allen,Corporate,New York,North,Electronics,Smartphone,10,749.73,0.1,6747.57,1993.72,Bank Transfer,3.1,False
ORD-0889,2023-05-10,2023-05-13,First Class,CUST-0393,James Wilson,Consumer,Columbus,East,Food & Beverage,Juice,10,7.81,0.15,66.38,30.48,Credit Card,5.0,False
ORD-0890,2023-11-22,2023-11-23,First Class,CUST-0375,William Martinez,Corporate,New York,North,Clothing,Shoes,6,97.46,0.1,526.28,260.78,Gift Card,3.2,False
ORD-0891,2023-08-09,2023-08-13,Second Class,CUST-0376,Barbara Anderson,Consumer,Columbus,North,Electronics,Headphones,3,143.23,0.25,322.27,90.05,Gift Card,3.5,True
ORD-0892,2023-07-15,2023-07-16,First Class,CUST-0327,Richard Jackson,Consumer,Jacksonville,North,Clothing,Jacket,10,101.69,0.0,1016.9,357.64,PayPal,5.0,True
ORD-0893,2023-10-20,2023-10-24,Second Class,CUST-0356,James Wilson,Corporate,Fort Worth,North,Clothing,Sweater,2,60.27,0.05,114.51,44.28,Credit Card,3.3,False
ORD-0894,2023-11-06,2023-11-09,First Class,CUST-0140,William Martinez,Corporate,New York,South,Food & Beverage,Protein Bar,9,37.95,0.0,341.55,128.04,Bank Transfer,4.4,False
ORD-0895,2023-02-19,2023-02-20,First Class,CUST-0114,Barbara Anderson,Corporate,Los Angeles,East,Furniture,Bookshelf,10,203.28,0.15,1727.88,928.34,Gift Card,4.5,False
ORD-0896,2023-10-05,2023-10-11,Standard,CUST-0176,James Wilson,Home Office,Philadelphia,West,Food & Beverage,Snack Box,10,23.47,0.15,199.49,66.96,PayPal,2.8,False
ORD-0897,2023-12-11,2023-12-17,Standard,CUST-0339,Linda Garcia,Consumer,Columbus,West,Food & Beverage,Pasta,9,6.47,0.0,58.23,30.24,Gift Card,5.0,False
ORD-0898,2023-06-05,2023-06-05,Same Day,CUST-0016,Robert Brown,Consumer,Chicago,North,Office Supplies,Stapler,9,17.29,0.15,132.27,35.73,Gift Card,5.0,False
ORD-0899,2023-05-01,2023-05-01,Same Day,CUST-0311,James Wilson,Consumer,Columbus,West,Office Supplies,Paper Ream,5,16.47,0.25,61.76,21.05,Credit Card,3.7,False
ORD-0900,2023-10-09,2023-10-09,Same Day,CUST-0307,Mary Johnson,Consumer,Phoenix,East,Electronics,Headphones,3,167.82,0.2,402.77,137.59,PayPal,5.0,False
ORD-0901,2023-08-26,2023-08-30,Second Class,CUST-0205,Richard Jackson,Consumer,Phoenix,West,Clothing,Dress,7,84.43,0.25,443.26,129.21,Credit Card,4.7,False
ORD-0902,2023-10-25,2023-10-25,Same Day,CUST-0097,William Martinez,Home Office,Austin,South,Food & Beverage,Olive Oil,2,19.99,0.2,31.98,14.28,Credit Card,3.5,False
ORD-0903,2023-01-12,2023-01-17,Second Class,CUST-0292,William Martinez,Home Office,Austin,North,Office Supplies,Folder,10,4.75,0.2,38.0,9.74,Bank Transfer,4.4,False
ORD-0904,2023-03-24,2023-03-28,Second Class,CUST-0090,Nancy Young,Home Office,San Diego,West,Electronics,Keyboard,9,84.38,0.05,721.45,275.15,Debit Card,4.6,False
ORD-0905,2023-05-04,2023-05-09,Standard,CUST-0310,William Martinez,Corporate,Columbus,West,Electronics,Smartphone,4,792.75,0.25,2378.25,953.97,PayPal,3.1,False
ORD-0906,2023-09-24,2023-09-24,Same Day,CUST-0134,David Taylor,Consumer,Charlotte,North,Furniture,Cabinet,1,324.67,0.2,259.74,85.63,Gift Card,3.7,False
ORD-0907,2023-05-30,2023-05-31,First Class,CUST-0205,Richard Jackson,Corporate,Jacksonville,North,Office Supplies,Marker Set,8,13.51,0.0,108.08,58.63,Gift Card,2.8,False
ORD-0908,2023-03-28,2023-03-31,First Class,CUST-0073,Susan Thomas,Corporate,Charlotte,South,Electronics,Laptop,10,1060.4,0.0,10604.0,3232.75,Debit Card,3.7,False
ORD-0909,2023-05-14,2023-05-14,Same Day,CUST-0170,Susan Thomas,Corporate,Fort Worth,North,Electronics,Tablet,8,455.25,0.05,3459.9,899.19,Bank Transfer,4.0,False
ORD-0910,2023-01-14,2023-01-17,First Class,CUST-0366,William Martinez,Consumer,Phoenix,South,Office Supplies,Notebook,9,8.52,0.1,69.01,20.1,PayPal,3.5,False
ORD-0911,2023-12-22,2023-12-25,First Class,CUST-0197,Linda Garcia,Home Office,Phoenix,West,Clothing,Shoes,5,80.44,0.0,402.2,124.68,Debit Card,,False
ORD-0912,2023-09-02,2023-09-05,Second Class,CUST-0301,Jessica White,Corporate,Columbus,North,Clothing,Jeans,6,52.48,0.2,251.9,73.15,Gift Card,4.9,False
ORD-0913,2023-09-05,2023-09-11,Standard,CUST-0176,James Wilson,Home Office,Houston,South,Food & Beverage,Olive Oil,8,19.74,0.0,157.92,72.18,PayPal,4.6,False
ORD-0914,2023-09-13,2023-09-19,Standard,CUST-0383,Richard Jackson,Home Office,Columbus,North,Office Supplies,Tape,4,4.21,0.15,14.31,4.45,Gift Card,3.7,False
ORD-0915,2023-09-17,2023-09-22,Standard,CUST-0029,Barbara Anderson,Corporate,San Diego,North,Clothing,Sweater,2,63.83,0.15,108.51,39.34,Gift Card,5.0,False
ORD-0916,2023-01-21,2023-01-24,First Class,CUST-0047,Michael Miller,Consumer,Jacksonville,South,Furniture,Lamp,8,66.19,0.0,529.52,289.3,Debit Card,4.2,False
ORD-0917,2023-05-05,2023-05-05,Same Day,CUST-0051,Daniel Allen,Consumer,Dallas,East,Furniture,Sofa,4,840.71,0.05,3194.7,1707.41,Credit Card,2.6,False
ORD-0918,2023-04-12,2023-04-17,Second Class,CUST-0307,Mary Johnson,Corporate,San Diego,North,Furniture,Cabinet,2,281.67,0.25,422.5,187.64,PayPal,4.3,False
ORD-0919,2023-01-01,2023-01-04,First Class,CUST-0253,Daniel Allen,Home Office,Austin,West,Electronics,Keyboard,4,81.87,0.25,245.61,110.47,Debit Card,3.5,False
ORD-0920,2023-06-24,2023-06-27,First Class,CUST-0321,Patricia Davis,Corporate,San Diego,East,Clothing,Sweater,9,60.06,0.05,513.51,161.69,Credit Card,5.0,False
ORD-0921,2023-03-25,2023-03-27,First Class,CUST-0049,,Home Office,Charlotte,East,Food & Beverage,Coffee,8,16.84,0.25,101.04,42.45,Bank Transfer,3.1,False
ORD-0922,2023-09-14,2023-09-14,Same Day,CUST-0053,Charles Thompson,Consumer,Austin,North,Furniture,Desk,4,345.92,0.1,1245.31,545.23,PayPal,5.0,False
ORD-0923,2023-03-22,2023-03-23,First Class,CUST-0265,Nancy Young,Consumer,San Diego,South,Furniture,Bookshelf,7,202.87,0.0,1420.09,507.65,Gift Card,4.9,False
ORD-0924,2023-03-16,2023-03-19,First Class,CUST-0382,Linda Garcia,Corporate,Philadelphia,East,Clothing,Jeans,5,53.67,0.15,228.1,96.83,Bank Transfer,5.0,False
ORD-0925,2023-11-27,2023-12-02,Standard,CUST-0361,Linda Garcia,Consumer,Houston,West,Food & Beverage,Coffee,7,19.36,0.15,115.19,59.85,Debit Card,3.2,False
ORD-0926,2023-10-13,2023-10-18,Second Class,CUST-0317,Robert Brown,Corporate,Dallas,East,Clothing,T-Shirt,7,28.41,0.15,169.04,43.26,Bank Transfer,3.2,False
ORD-0927,2023-01-24,2023-01-24,Same Day,CUST-0128,Michael Miller,Home Office,Phoenix,East,Furniture,Desk,8,347.23,0.25,2083.38,821.66,Gift Card,3.8,True
ORD-0928,2023-08-13,2023-08-16,Second Class,CUST-0384,Mary Johnson,Corporate,Los Angeles,East,Electronics,Keyboard,9,84.64,0.15,647.5,219.27,PayPal,3.3,False
ORD-0929,2023-10-15,2023-10-16,First Class,CUST-0294,Jessica White,Home Office,Dallas,South,Furniture,Table,5,340.91,0.05,1619.32,722.29,PayPal,2.8,False
ORD-0930,2023-08-17,2023-08-18,First Class,CUST-0240,Sarah Martin,Home Office,Houston,North,Electronics,Smartphone,6,637.21,0.15,3249.77,1316.44,Bank Transfer,3.5,False
ORD-0931,2023-08-07,2023-08-13,Standard,CUST-0263,Michael Miller,Consumer,Philadelphia,North,Clothing,Jacket,2,92.13,0.2,147.41,68.36,Credit Card,4.2,False
ORD-0932,2023-10-22,2023-10-28,Standard,CUST-0290,Joseph Harris,Home Office,Los Angeles,East,Office Supplies,Tape,8,4.12,0.1,29.66,15.63,Gift Card,4.1,False
ORD-0933,2023-02-07,2023-02-07,Same Day,CUST-0232,William Martinez,Home Office,Charlotte,North,Office Supplies,Tape,8,3.49,0.05,26.52,7.02,Debit Card,3.6,False
ORD-0934,2023-07-25,2023-07-25,Same Day,CUST-0010,,Home Office,New York,West,Office Supplies,Stapler,7,18.53,0.0,129.71,47.07,Debit Card,3.8,False
ORD-0935,2023-10-22,2023-10-27,Second Class,CUST-0097,William Martinez,Home Office,Fort Worth,East,Furniture,Sofa,8,834.6,0.05,6342.96,2979.79,Debit Card,4.6,False
ORD-0936,2023-02-05,2023-02-09,Second Class,CUST-0104,Michael Miller,Consumer,Phoenix,North,Electronics,Headphones,9,158.24,0.15,1210.54,444.27,Debit Card,3.1,False
ORD-0937,2023-03-05,2023-03-08,Second Class,CUST-0195,Linda Garcia,Consumer,New York,East,Furniture,Table,3,329.41,0.25,741.17,347.36,Bank Transfer,4.8,False
ORD-0938,2023-03-25,2023-03-27,First Class,CUST-0384,Mary Johnson,Consumer,Philadelphia,North,Food & Beverage,Snack Box,3,28.35,0.0,85.05,44.08,Bank Transfer,4.2,False
ORD-0939,2023-08-22,2023-08-22,Same Day,CUST-0205,Richard Jackson,Corporate,Columbus,West,Office Supplies,Stapler,9,16.14,0.0,145.26,38.72,Credit Card,4.4,False
ORD-0940,2023-08-30,2023-09-02,First Class,CUST-0024,Nancy Young,Consumer,Chicago,East,Electronics,Monitor,2,299.65,0.2,479.44,179.18,Debit Card,4.3,True
ORD-0941,2023-02-01,2023-02-04,First Class,CUST-0191,,Home Office,San Jose,South,Office Supplies,Pen Set,8,12.72,0.0,101.76,35.21,Bank Transfer,3.8,False
ORD-0942,2023-02-26,2023-03-01,Second Class,CUST-0157,Michael Miller,Home Office,San Antonio,South,Furniture,Sofa,3,818.88,0.15,2088.14,989.92,PayPal,4.0,False
ORD-0943,2023-01-18,2023-01-25,Standard,CUST-0277,William Martinez,Corporate,San Antonio,North,Clothing,T-Shirt,1,28.57,0.25,21.43,5.63,Gift Card,4.9,False
ORD-0944,2023-02-03,2023-02-03,Same Day,CUST-0275,Jessica White,Consumer,San Diego,East,Electronics,Laptop,2,905.66,0.2,1449.06,504.65,Debit Card,3.7,False
ORD-0945,2023-06-15,2023-06-22,Standard,CUST-0245,Mary Johnson,Corporate,San Diego,West,Electronics,Tablet,5,513.25,0.0,2566.25,1332.99,Gift Card,4.0,False
ORD-0946,2023-07-26,2023-07-31,Second Class,CUST-0116,Lisa Hall,Consumer,Phoenix,South,Furniture,Table,2,306.35,0.0,612.7,199.42,Debit Card,3.9,False
ORD-0947,2023-07-11,2023-07-18,Standard,CUST-0383,Richard Jackson,Consumer,Charlotte,East,Food & Beverage,Olive Oil,6,24.74,0.2,118.75,49.85,Bank Transfer,3.7,False
ORD-0948,2023-03-24,2023-03-24,Same Day,CUST-0248,Karen Lee,Home Office,Columbus,South,Furniture,Chair,1,265.69,0.05,252.41,138.14,PayPal,2.7,False
ORD-0949,2023-10-07,2023-10-10,First Class,CUST-0336,Mary Johnson,Consumer,Fort Worth,West,Office Supplies,Paper Ream,8,15.4,0.1,110.88,40.58,Gift Card,3.0,False
ORD-0950,2023-12-06,2023-12-08,First Class,CUST-0033,Lisa Hall,Corporate,Fort Worth,East,Furniture,Bookshelf,9,190.49,0.25,1285.81,671.94,PayPal,4.6,True
ORD-0951,2023-03-03,2023-03-08,Second Class,CUST-0178,Charles Thompson,Consumer,Phoenix,North,Office Supplies,Pen Set,8,10.92,0.0,87.36,25.05,Bank Transfer,3.4,False
ORD-0952,2023-03-14,2023-03-17,Second Class,CUST-0376,Barbara Anderson,Corporate,Jacksonville,South,Electronics,Webcam,9,82.88,0.05,708.62,337.11,PayPal,3.4,False
ORD-0953,2023-12-22,2023-12-25,Second Class,CUST-0052,Christopher Walker,Home Office,Austin,North,Office Supplies,Tape,6,3.48,0.05,19.84,8.18,Debit Card,4.5,False
ORD-0954,2023-04-14,2023-04-16,First Class,CUST-0200,Nancy Young,Home Office,Charlotte,South,Furniture,Table,10,367.1,0.2,2936.8,1543.74,Gift Card,5.0,False
ORD-0955,2023-02-08,2023-02-11,First Class,CUST-0107,Nancy Young,Home Office,Charlotte,South,Food & Beverage,Protein Bar,5,39.74,0.0,198.7,59.3,Gift Card,4.4,True
ORD-0956,2023-07-20,2023-07-20,Same Day,CUST-0303,Linda Garcia,Corporate,Houston,South,Food & Beverage,Tea,3,13.56,0.05,38.65,14.95,Debit Card,4.4,False
ORD-0957,2023-04-16,2023-04-19,First Class,CUST-0390,Linda Garcia,Consumer,Philadelphia,West,Clothing,Jeans,10,53.69,0.0,536.9,195.95,Credit Card,4.7,False
ORD-0958,2023-03-05,2023-03-05,Same Day,CUST-0079,Susan Thomas,Consumer,Los Angeles,West,Office Supplies,Notebook,8,8.05,0.1,57.96,30.69,PayPal,4.7,False
ORD-0959,2023-10-27,2023-10-27,Same Day,CUST-0389,,Consumer,Phoenix,East,Electronics,Monitor,8,316.28,0.2,2024.19,554.16,Debit Card,4.9,False
ORD-0960,2023-08-04,2023-08-05,First Class,CUST-0371,Charles Thompson,Consumer,Jacksonville,East,Office Supplies,Folder,8,4.65,0.2,29.76,13.08,PayPal,5.0,False
ORD-0961,2023-02-21,2023-02-21,Same Day,CUST-0114,,Corporate,San Jose,East,Clothing,Shoes,2,99.56,0.0,199.12,69.7,Bank Transfer,3.8,False
ORD-0962,2023-01-22,2023-01-29,Standard,CUST-0295,Christopher Walker,Home Office,Los Angeles,West,Food & Beverage,Snack Box,9,25.98,0.2,187.06,88.94,Credit Card,5.0,False
ORD-0963,2023-11-28,2023-12-04,Standard,CUST-0205,Richard Jackson,Corporate,Columbus,West,Office Supplies,Marker Set,1,14.86,0.15,12.63,5.33,Bank Transfer,5.0,True
ORD-0964,2023-05-30,2023-05-30,Same Day,CUST-0130,Richard Jackson,Home Office,Philadelphia,North,Office Supplies,Pen Set,6,13.57,0.0,81.42,43.22,PayPal,3.4,False
ORD-0965,2023-03-24,2023-03-27,First Class,CUST-0380,Karen Lee,Corporate,San Antonio,North,Clothing,Shoes,8,97.67,0.1,703.22,325.09,PayPal,3.7,False
ORD-0966,2023-06-12,2023-06-18,Standard,CUST-0328,James Wilson,Corporate,San Antonio,North,Food & Beverage,Pasta,6,5.64,0.05,32.15,12.83,PayPal,4.0,False
ORD-0967,2023-06-22,2023-06-26,Second Class,CUST-0166,David Taylor,Home Office,New York,East,Food & Beverage,Tea,8,10.4,0.15,70.72,28.48,Credit Card,3.6,False
ORD-0968,2023-07-23,2023-07-28,Second Class,CUST-0048,Jessica White,Home Office,Los Angeles,East,Office Supplies,Marker Set,9,14.65,0.0,131.85,62.22,Gift Card,5.0,False
ORD-0969,2023-03-10,2023-03-13,First Class,CUST-0315,Barbara Anderson,Home Office,San Jose,East,Clothing,Jeans,6,52.97,0.2,254.26,127.6,Credit Card,4.6,False
ORD-0970,2023-09-11,2023-09-16,Second Class,CUST-0116,Lisa Hall,Home Office,San Diego,South,Electronics,Smartphone,5,764.87,0.0,3824.35,1317.33,Debit Card,4.3,False
ORD-0971,2023-07-31,2023-07-31,Same Day,CUST-0322,William Martinez,Corporate,San Jose,West,Electronics,Webcam,7,78.6,0.05,522.69,242.13,Bank Transfer,3.1,False
ORD-0972,2023-05-01,2023-05-07,Standard,CUST-0355,Richard Jackson,Corporate,Chicago,East,Clothing,Shorts,6,39.18,0.15,199.82,77.8,PayPal,3.3,False
ORD-0973,2023-10-02,2023-10-05,Second Class,CUST-0369,Robert Brown,Consumer,Philadelphia,South,Furniture,Table,9,334.02,0.25,2254.63,1000.75,Gift Card,4.4,False
ORD-0974,2023-09-12,2023-09-16,Second Class,CUST-0012,Robert Brown,Corporate,Dallas,North,Clothing,Dress,10,74.44,0.25,558.3,154.01,Bank Transfer,4.4,True
ORD-0975,2023-05-22,2023-05-29,Standard,CUST-0366,William Martinez,Consumer,San Jose,South,Clothing,Shoes,6,101.09,0.0,606.54,274.14,Bank Transfer,4.1,False
ORD-0976,2023-10-03,2023-10-05,First Class,CUST-0120,,Home Office,San Jose,South,Furniture,Cabinet,8,338.57,0.1,2437.7,699.87,Gift Card,2.2,False
ORD-0977,2023-12-31,2024-01-06,Standard,CUST-0315,Barbara Anderson,Consumer,Los Angeles,East,Office Supplies,Marker Set,10,12.33,0.0,123.3,53.29,Gift Card,4.1,False
ORD-0978,2023-03-03,2023-03-03,Same Day,CUST-0294,Jessica White,Consumer,Jacksonville,South,Furniture,Desk,1,362.36,0.25,271.77,79.45,Bank Transfer,5.0,False
ORD-0979,2023-07-01,2023-07-03,First Class,CUST-0256,Linda Garcia,Consumer,Los Angeles,East,Food & Beverage,Tea,2,12.64,0.1,22.75,6.79,Debit Card,4.3,False
ORD-0980,2023-09-26,2023-10-02,Standard,CUST-0286,Joseph Harris,Corporate,New York,North,Clothing,Sweater,8,67.74,0.0,541.92,198.8,PayPal,4.5,True
ORD-0981,2023-01-15,2023-01-22,Standard,CUST-0089,Sarah Martin,Corporate,Houston,North,Office Supplies,Notebook,7,7.18,0.1,45.23,15.74,Gift Card,4.4,False
ORD-0982,2023-08-14,2023-08-17,Second Class,CUST-0228,Charles Thompson,Home Office,New York,South,Clothing,T-Shirt,6,26.65,0.0,159.9,82.31,Gift Card,,False
ORD-0983,2023-12-16,2023-12-21,Second Class,CUST-0052,Christopher Walker,Corporate,San Diego,East,Electronics,Webcam,2,80.06,0.15,136.1,74.77,Debit Card,4.8,False
ORD-0984,2023-06-23,2023-06-27,Second Class,CUST-0252,Michael Miller,Corporate,Houston,West,Clothing,Shoes,2,89.4,0.0,178.8,89.68,Bank Transfer,,True
ORD-0985,2023-09-27,2023-09-27,Same Day,CUST-0388,Charles Thompson,Home Office,Dallas,North,Food & Beverage,Pasta,2,5.25,0.15,8.92,4.85,Debit Card,3.4,False
ORD-0986,2023-02-12,2023-02-18,Standard,CUST-0165,Jessica White,Corporate,Dallas,West,Furniture,Bookshelf,7,157.81,0.2,883.74,427.1,Bank Transfer,3.0,False
ORD-0987,2023-02-15,2023-02-20,Second Class,CUST-0329,William Martinez,Home Office,Philadelphia,North,Clothing,Shorts,1,39.22,0.05,37.26,13.7,Credit Card,2.9,True
ORD-0988,2023-12-17,2023-12-22,Second Class,CUST-0261,Joseph Harris,Corporate,Philadelphia,South,Clothing,Shoes,9,81.51,0.0,733.59,192.23,Credit Card,3.5,False
ORD-0989,2023-04-16,2023-04-23,Standard,CUST-0024,Nancy Young,Consumer,Charlotte,East,Furniture,Desk,4,412.92,0.25,1238.76,474.37,Bank Transfer,2.7,False
ORD-0990,2023-07-19,2023-07-24,Standard,CUST-0080,David Taylor,Home Office,Chicago,South,Clothing,T-Shirt,6,29.36,0.0,176.16,60.08,Gift Card,2.5,False
ORD-0991,2023-12-20,2023-12-20,Same Day,CUST-0143,Jessica White,Consumer,Columbus,East,Food & Beverage,Olive Oil,5,23.33,0.2,93.32,46.52,Debit Card,1.9,False
ORD-0992,2023-12-06,2023-12-13,Standard,CUST-0060,,Consumer,Chicago,West,Office Supplies,Notebook,8,8.89,0.0,71.12,25.64,Bank Transfer,,False
ORD-0993,2023-10-02,2023-10-05,First Class,CUST-0056,Jessica White,Home Office,Fort Worth,East,Furniture,Lamp,7,59.58,0.1,375.35,193.45,Credit Card,3.3,False
ORD-0994,2023-08-29,2023-09-01,Second Class,CUST-0020,Richard Jackson,Consumer,Columbus,West,Furniture,Chair,3,236.84,0.0,710.52,360.34,Bank Transfer,4.2,False
ORD-0995,2023-03-15,2023-03-20,Second Class,CUST-0394,Nancy Young,Home Office,Houston,West,Electronics,Smartphone,6,739.28,0.25,3326.76,1623.87,PayPal,,True
ORD-0996,2023-04-13,2023-04-13,Same Day,CUST-0079,Susan Thomas,Consumer,Phoenix,East,Furniture,Bookshelf,6,163.12,0.25,734.04,291.9,Gift Card,,False
ORD-0997,2023-05-06,2023-05-11,Second Class,CUST-0074,Robert Brown,Consumer,Dallas,West,Furniture,Bookshelf,8,174.66,0.0,1397.28,760.91,PayPal,,False
ORD-0998,2023-07-09,2023-07-12,Second Class,CUST-0004,Richard Jackson,Home Office,San Antonio,North,Food & Beverage,Snack Box,3,25.96,0.15,66.2,22.73,Credit Card,3.1,False
ORD-0999,2023-01-11,2023-01-11,Same Day,CUST-0145,Patricia Davis,Home Office,Austin,South,Office Supplies,Notebook,1,7.41,0.0,7.41,4.05,Gift Card,4.2,False
ORD-1000,2023-11-22,2023-11-22,Same Day,CUST-0275,Jessica White,Home Office,Charlotte,West,Furniture,Lamp,5,64.95,0.15,276.04,83.8,PayPal,5.0,False
